season,week,celebrity_name,s_map
1,1,John O'Hurley,0.73046833
1,2,John O'Hurley,0.34916437
1,3,John O'Hurley,0.429956
1,4,John O'Hurley,0.2843721
1,5,John O'Hurley,0.44352704
1,6,John O'Hurley,0.58444804
1,1,Kelly Monaco,0.04865222
1,2,Kelly Monaco,0.16687886
1,3,Kelly Monaco,0.23683345
1,4,Kelly Monaco,0.27226508
1,5,Kelly Monaco,0.3083115
1,6,Kelly Monaco,0.41555193
1,1,Evander Holyfield,0.051352482
1,2,Evander Holyfield,0.21945964
1,3,Evander Holyfield,0.0630115
1,1,Rachel Hunter,0.04341951
1,2,Rachel Hunter,0.08100764
1,3,Rachel Hunter,0.07071805
1,4,Rachel Hunter,0.07025566
1,1,Joey McIntyre,0.097244844
1,2,Joey McIntyre,0.14181358
1,3,Joey McIntyre,0.19948103
1,4,Joey McIntyre,0.3731072
1,5,Joey McIntyre,0.24816138
1,1,Trista Sutter,0.028862573
1,2,Trista Sutter,0.041675985
2,1,Tatum O'Neal,0.024947
2,2,Tatum O'Neal,0.024783833
2,1,Tia Carrere,0.02934639
2,2,Tia Carrere,0.017346885
2,3,Tia Carrere,0.018447429
2,4,Tia Carrere,0.015653865
2,5,Tia Carrere,0.018529594
2,1,George Hamilton,0.022223534
2,2,George Hamilton,0.016166253
2,3,George Hamilton,0.01917578
2,4,George Hamilton,0.017490547
2,5,George Hamilton,0.025771363
2,6,George Hamilton,0.053012624
2,1,Lisa Rinna,0.09141365
2,2,Lisa Rinna,0.08820812
2,3,Lisa Rinna,0.102256484
2,4,Lisa Rinna,0.09769907
2,5,Lisa Rinna,0.09840897
2,6,Lisa Rinna,0.105305195
2,7,Lisa Rinna,0.10744673
2,1,Stacy Keibler,0.2897635
2,2,Stacy Keibler,0.40161654
2,3,Stacy Keibler,0.3956859
2,4,Stacy Keibler,0.46548307
2,5,Stacy Keibler,0.48135045
2,6,Stacy Keibler,0.4885428
2,7,Stacy Keibler,0.41671938
2,8,Stacy Keibler,0.4356003
2,1,Jerry Rice,0.26871195
2,2,Jerry Rice,0.23440515
2,3,Jerry Rice,0.15838224
2,4,Jerry Rice,0.26058555
2,5,Jerry Rice,0.27490819
2,6,Jerry Rice,0.22820562
2,7,Jerry Rice,0.3347306
2,8,Jerry Rice,0.38712233
2,1,Giselle Fernandez,0.025605515
2,2,Giselle Fernandez,0.023352543
2,3,Giselle Fernandez,0.036370162
2,1,Master P,0.077855766
2,2,Master P,0.086526655
2,3,Master P,0.16784291
2,4,Master P,0.050150063
2,1,Drew Lachey,0.14656696
2,2,Drew Lachey,0.10759407
2,3,Drew Lachey,0.10183909
2,4,Drew Lachey,0.09293784
2,5,Drew Lachey,0.10103147
2,6,Drew Lachey,0.12493373
2,7,Drew Lachey,0.14110327
2,8,Drew Lachey,0.17727733
2,1,Kenny Mayne,0.023565736
3,1,Harry Hamlin,0.05897712
3,2,Harry Hamlin,0.053094797
3,3,Harry Hamlin,0.0117690675
3,1,Vivica A. Fox,0.03329165
3,2,Vivica A. Fox,0.046958607
3,3,Vivica A. Fox,0.03298866
3,4,Vivica A. Fox,0.010955246
3,1,Monique Coleman,0.13394861
3,2,Monique Coleman,0.15162967
3,3,Monique Coleman,0.16593914
3,4,Monique Coleman,0.15785944
3,5,Monique Coleman,0.15271813
3,6,Monique Coleman,0.12296582
3,7,Monique Coleman,0.10474758
3,8,Monique Coleman,0.077608615
3,1,Joey Lawrence,0.25009876
3,2,Joey Lawrence,0.30293688
3,3,Joey Lawrence,0.35568666
3,4,Joey Lawrence,0.40398166
3,5,Joey Lawrence,0.46032614
3,6,Joey Lawrence,0.6339577
3,7,Joey Lawrence,0.62928087
3,8,Joey Lawrence,0.5631792
3,9,Joey Lawrence,0.5285185
3,1,Mario Lopez,0.22845542
3,2,Mario Lopez,0.13604233
3,3,Mario Lopez,0.11824793
3,4,Mario Lopez,0.1151212
3,5,Mario Lopez,0.1278769
3,6,Mario Lopez,0.11944961
3,7,Mario Lopez,0.13569996
3,8,Mario Lopez,0.20540538
3,9,Mario Lopez,0.31621897
3,10,Mario Lopez,0.7138605
3,1,Emmitt Smith,0.118942976
3,2,Emmitt Smith,0.10226136
3,3,Emmitt Smith,0.1093286
3,4,Emmitt Smith,0.10396156
3,5,Emmitt Smith,0.11037008
3,6,Emmitt Smith,0.08653681
3,7,Emmitt Smith,0.1038229
3,8,Emmitt Smith,0.15380678
3,9,Emmitt Smith,0.15526256
3,10,Emmitt Smith,0.2861394
3,1,Shanna Moakler,0.016568521
3,2,Shanna Moakler,0.0077940216
3,1,Willa Ford,0.04974451
3,2,Willa Ford,0.06122325
3,3,Willa Ford,0.06483504
3,4,Willa Ford,0.045525476
3,5,Willa Ford,0.022336002
3,1,Sara Evans,0.054219566
3,2,Sara Evans,0.06688138
3,3,Sara Evans,0.06650336
3,4,Sara Evans,0.080577955
3,5,Sara Evans,0.030781036
3,1,Jerry Springer,0.050862394
3,2,Jerry Springer,0.07117774
3,3,Jerry Springer,0.074701525
3,4,Jerry Springer,0.08201748
3,5,Jerry Springer,0.09559173
3,6,Jerry Springer,0.037090134
3,7,Jerry Springer,0.026448669
3,1,Tucker Carlson,0.0048904326
4,1,John Ratzenberger,0.0294625
4,2,John Ratzenberger,0.05275682
4,3,John Ratzenberger,0.067362145
4,4,John Ratzenberger,0.06906129
4,5,John Ratzenberger,0.059722133
4,6,John Ratzenberger,0.08146125
4,7,John Ratzenberger,0.026549121
4,1,Ian Ziering,0.14067066
4,2,Ian Ziering,0.11910461
4,3,Ian Ziering,0.11240094
4,4,Ian Ziering,0.10594985
4,5,Ian Ziering,0.10375024
4,6,Ian Ziering,0.11982369
4,7,Ian Ziering,0.121711984
4,8,Ian Ziering,0.119342
4,9,Ian Ziering,0.10051052
4,1,Clyde Drexler,0.022486877
4,2,Clyde Drexler,0.06347608
4,3,Clyde Drexler,0.0845825
4,4,Clyde Drexler,0.06434786
4,5,Clyde Drexler,0.015491302
4,1,Laila Ali,0.40434384
4,2,Laila Ali,0.300016
4,3,Laila Ali,0.29637071
4,4,Laila Ali,0.36109576
4,5,Laila Ali,0.42694324
4,6,Laila Ali,0.36431855
4,7,Laila Ali,0.38646045
4,8,Laila Ali,0.41647315
4,9,Laila Ali,0.42645735
4,10,Laila Ali,0.438218
4,1,Apolo Anton Ohno,0.20138824
4,2,Apolo Anton Ohno,0.18051435
4,3,Apolo Anton Ohno,0.17865522
4,4,Apolo Anton Ohno,0.19613148
4,5,Apolo Anton Ohno,0.21102457
4,6,Apolo Anton Ohno,0.21601307
4,7,Apolo Anton Ohno,0.23050354
4,8,Apolo Anton Ohno,0.26355314
4,9,Apolo Anton Ohno,0.27214983
4,10,Apolo Anton Ohno,0.35525924
4,1,Shandi Finnessey,0.018889323
4,2,Shandi Finnessey,0.031971175
4,3,Shandi Finnessey,0.0077643814
4,1,Paulina Porizkova,0.010990072
4,2,Paulina Porizkova,0.0063323383
4,1,Heather Mills,0.02006759
4,2,Heather Mills,0.040100683
4,3,Heather Mills,0.046411593
4,4,Heather Mills,0.03421028
4,5,Heather Mills,0.021698572
4,6,Heather Mills,0.012551054
4,1,Billy Ray Cyrus,0.021708785
4,2,Billy Ray Cyrus,0.047413174
4,3,Billy Ray Cyrus,0.058011305
4,4,Billy Ray Cyrus,0.05058527
4,5,Billy Ray Cyrus,0.056811977
4,6,Billy Ray Cyrus,0.08399035
4,7,Billy Ray Cyrus,0.10033229
4,8,Billy Ray Cyrus,0.046628334
4,1,Joey Fatone,0.10535342
4,2,Joey Fatone,0.11101887
4,3,Joey Fatone,0.11115576
4,4,Joey Fatone,0.1082104
4,5,Joey Fatone,0.10455792
4,6,Joey Fatone,0.12184202
4,7,Joey Fatone,0.1344426
4,8,Joey Fatone,0.1540034
4,9,Joey Fatone,0.20088224
4,10,Joey Fatone,0.20652278
4,1,Leeza Gibbons,0.024638666
4,2,Leeza Gibbons,0.047295958
4,3,Leeza Gibbons,0.037285533
4,4,Leeza Gibbons,0.010407867
5,1,Cameron Mathison,0.038953554
5,2,Cameron Mathison,0.05129248
5,3,Cameron Mathison,0.045306955
5,4,Cameron Mathison,0.0482915
5,5,Cameron Mathison,0.05159497
5,6,Cameron Mathison,0.068675734
5,7,Cameron Mathison,0.07008168
5,8,Cameron Mathison,0.036973096
5,1,Jane Seymour,0.04735295
5,2,Jane Seymour,0.05320246
5,3,Jane Seymour,0.04223439
5,4,Jane Seymour,0.051995326
5,5,Jane Seymour,0.056065056
5,6,Jane Seymour,0.073641606
5,7,Jane Seymour,0.024020378
5,1,Sabrina Bryan,0.05647193
5,2,Sabrina Bryan,0.04357156
5,3,Sabrina Bryan,0.03481729
5,4,Sabrina Bryan,0.03461534
5,5,Sabrina Bryan,0.026462173
5,6,Sabrina Bryan,0.013400717
5,1,Jennie Garth,0.10407228
5,2,Jennie Garth,0.10849056
5,3,Jennie Garth,0.10742925
5,4,Jennie Garth,0.11354129
5,5,Jennie Garth,0.11727689
5,6,Jennie Garth,0.12601116
5,7,Jennie Garth,0.13965456
5,8,Jennie Garth,0.13858439
5,9,Jennie Garth,0.10938024
5,1,Floyd Mayweather Jr. ,0.049496125
5,2,Floyd Mayweather Jr. ,0.057397205
5,3,Floyd Mayweather Jr. ,0.040171333
5,4,Floyd Mayweather Jr. ,0.010076944
5,1,Josie Maran,0.0036544702
5,1,Albert Reed,0.023110205
5,2,Albert Reed,0.007185224
5,1,Helio Castroneves,0.40397215
5,2,Helio Castroneves,0.30169332
5,3,Helio Castroneves,0.3569931
5,4,Helio Castroneves,0.35255277
5,5,Helio Castroneves,0.36126164
5,6,Helio Castroneves,0.3271931
5,7,Helio Castroneves,0.33145538
5,8,Helio Castroneves,0.35972148
5,9,Helio Castroneves,0.3871026
5,10,Helio Castroneves,0.47680107
5,1,Mel B,0.109091185
5,2,Mel B,0.14155775
5,3,Mel B,0.18210712
5,4,Mel B,0.19579439
5,5,Mel B,0.2259096
5,6,Mel B,0.2347824
5,7,Mel B,0.25720486
5,8,Mel B,0.26651797
5,9,Mel B,0.27935624
5,10,Mel B,0.3192954
5,1,Wayne Newton,0.05300919
5,2,Wayne Newton,0.06831403
5,3,Wayne Newton,0.010739356
5,1,Marie Osmond,0.063971
5,2,Marie Osmond,0.0984163
5,3,Marie Osmond,0.11751359
5,4,Marie Osmond,0.13647261
5,5,Marie Osmond,0.14705966
5,6,Marie Osmond,0.15629524
5,7,Marie Osmond,0.1775832
5,8,Marie Osmond,0.19820309
5,9,Marie Osmond,0.2241609
5,10,Marie Osmond,0.20390351
5,1,Mark Cuban,0.04684501
5,2,Mark Cuban,0.06887915
5,3,Mark Cuban,0.062687546
5,4,Mark Cuban,0.056659892
5,5,Mark Cuban,0.014370016
6,1,Cristian de la Fuente,0.59469134
6,2,Cristian de la Fuente,0.33888963
6,3,Cristian de la Fuente,0.32446465
6,4,Cristian de la Fuente,0.36189222
6,5,Cristian de la Fuente,0.34450844
6,6,Cristian de la Fuente,0.3700652
6,7,Cristian de la Fuente,0.32245225
6,8,Cristian de la Fuente,0.36237335
6,9,Cristian de la Fuente,0.39339346
6,10,Cristian de la Fuente,0.42978948
6,1,Steve Guttenberg,0.02810218
6,2,Steve Guttenberg,0.05761583
6,3,Steve Guttenberg,0.0099845
6,1,Priscilla Presley,0.03243442
6,2,Priscilla Presley,0.054377496
6,3,Priscilla Presley,0.049533322
6,4,Priscilla Presley,0.040332615
6,5,Priscilla Presley,0.012198681
6,1,Marlee Matlin,0.020145131
6,2,Marlee Matlin,0.046857722
6,3,Marlee Matlin,0.06182822
6,4,Marlee Matlin,0.053052034
6,5,Marlee Matlin,0.051196195
6,6,Marlee Matlin,0.016405303
6,1,Shannon Elizabeth,0.032070544
6,2,Shannon Elizabeth,0.04613425
6,3,Shannon Elizabeth,0.049472697
6,4,Shannon Elizabeth,0.043567035
6,5,Shannon Elizabeth,0.055369806
6,6,Shannon Elizabeth,0.04688127
6,7,Shannon Elizabeth,0.02155729
6,1,Marissa Jaret Winokur,0.047702216
6,2,Marissa Jaret Winokur,0.10819107
6,3,Marissa Jaret Winokur,0.12821971
6,4,Marissa Jaret Winokur,0.13052996
6,5,Marissa Jaret Winokur,0.1364756
6,6,Marissa Jaret Winokur,0.14257984
6,7,Marissa Jaret Winokur,0.15805243
6,8,Marissa Jaret Winokur,0.1529081
6,9,Marissa Jaret Winokur,0.1109826
6,1,Jason Taylor,0.061220437
6,2,Jason Taylor,0.12661266
6,3,Jason Taylor,0.16733666
6,4,Jason Taylor,0.21984686
6,5,Jason Taylor,0.2570843
6,6,Jason Taylor,0.26713267
6,7,Jason Taylor,0.296332
6,8,Jason Taylor,0.2906356
6,9,Jason Taylor,0.30120245
6,10,Jason Taylor,0.34740382
6,1,Kristi Yamaguchi,0.124065116
6,2,Kristi Yamaguchi,0.109661005
6,3,Kristi Yamaguchi,0.1015712
6,4,Kristi Yamaguchi,0.094111085
6,5,Kristi Yamaguchi,0.09994291
6,6,Kristi Yamaguchi,0.10996328
6,7,Kristi Yamaguchi,0.13384132
6,8,Kristi Yamaguchi,0.15641755
6,9,Kristi Yamaguchi,0.19442147
6,10,Kristi Yamaguchi,0.22280672
6,1,Monica Seles,0.0058105933
6,2,Monica Seles,0.0062065003
6,1,Penn Jillette,0.0036577645
6,2,Penn Jillette,0.004423496
6,1,Adam Carolla,0.020622376
6,2,Adam Carolla,0.058655646
6,3,Adam Carolla,0.051436093
6,4,Adam Carolla,0.011303972
6,1,Mario,0.029477913
6,2,Mario,0.042374738
6,3,Mario,0.056152906
6,4,Mario,0.04536422
6,5,Mario,0.04322407
6,6,Mario,0.04697241
6,7,Mario,0.067764655
6,8,Mario,0.03766548
7,1,Ted McGinley,0.0045969924
7,1,Cloris Leachman,0.075291194
7,2,Cloris Leachman,0.09234844
7,3,Cloris Leachman,0.034063082
7,4,Cloris Leachman,0.04786166
7,5,Cloris Leachman,0.058704536
7,6,Cloris Leachman,0.018581005
7,1,Susan Lucci,0.06314696
7,2,Susan Lucci,0.064934425
7,3,Susan Lucci,0.027828269
7,4,Susan Lucci,0.03989391
7,5,Susan Lucci,0.055149242
7,6,Susan Lucci,0.028734885
7,7,Susan Lucci,0.017759092
7,1,Cody Linley,0.12921923
7,2,Cody Linley,0.12020904
7,3,Cody Linley,0.09221565
7,4,Cody Linley,0.10842351
7,5,Cody Linley,0.1252359
7,6,Cody Linley,0.12744863
7,7,Cody Linley,0.14892603
7,8,Cody Linley,0.14103478
7,9,Cody Linley,0.10940054
7,1,Misty May-Treanor,0.04695147
7,2,Misty May-Treanor,0.0112761995
7,1,Maurice Greene,0.06318346
7,2,Maurice Greene,0.07082167
7,3,Maurice Greene,0.030750247
7,4,Maurice Greene,0.04468495
7,5,Maurice Greene,0.04580353
7,6,Maurice Greene,0.044721257
7,7,Maurice Greene,0.059933607
7,8,Maurice Greene,0.036495242
7,1,Warren Sapp,0.14730117
7,2,Warren Sapp,0.23038608
7,3,Warren Sapp,0.53240323
7,4,Warren Sapp,0.43064636
7,5,Warren Sapp,0.39283153
7,6,Warren Sapp,0.4410432
7,7,Warren Sapp,0.38546628
7,8,Warren Sapp,0.40036005
7,9,Warren Sapp,0.38161495
7,10,Warren Sapp,0.41096836
7,1,Jeffrey Ross,0.007842471
7,1,Toni Braxton,0.055751063
7,2,Toni Braxton,0.057145298
7,3,Toni Braxton,0.023111332
7,4,Toni Braxton,0.023950873
7,5,Toni Braxton,0.0098818885
7,1,Lance Bass,0.13817598
7,2,Lance Bass,0.15065363
7,3,Lance Bass,0.16599393
7,4,Lance Bass,0.20937787
7,5,Lance Bass,0.21484081
7,6,Lance Bass,0.24547575
7,7,Lance Bass,0.26584625
7,8,Lance Bass,0.26701912
7,9,Lance Bass,0.3112714
7,10,Lance Bass,0.34855032
7,1,Kim Kardashian,0.057765592
7,2,Kim Kardashian,0.013589684
7,1,Rocco DiSpirito,0.07126636
7,2,Rocco DiSpirito,0.08428622
7,3,Rocco DiSpirito,0.017282818
7,4,Rocco DiSpirito,0.0074177687
7,1,Brooke Burke,0.13950813
7,2,Brooke Burke,0.10434924
7,3,Brooke Burke,0.07635149
7,4,Brooke Burke,0.08774302
7,5,Brooke Burke,0.097552575
7,6,Brooke Burke,0.09399539
7,7,Brooke Burke,0.122068755
7,8,Brooke Burke,0.15509082
7,9,Brooke Burke,0.1977131
7,10,Brooke Burke,0.24048132
8,1,Gilles Marini,0.60507333
8,2,Gilles Marini,0.3087675
8,3,Gilles Marini,0.25910628
8,4,Gilles Marini,0.26997012
8,5,Gilles Marini,0.2760183
8,6,Gilles Marini,0.34507573
8,7,Gilles Marini,0.34183383
8,8,Gilles Marini,0.33922765
8,9,Gilles Marini,0.34539482
8,10,Gilles Marini,0.3759767
8,11,Gilles Marini,0.4230099
8,1,Denise Richards,0.017065216
8,2,Denise Richards,0.023242932
8,3,Denise Richards,0.0066649346
8,1,David Alan Grier,0.02360741
8,2,David Alan Grier,0.05024672
8,3,David Alan Grier,0.04130313
8,4,David Alan Grier,0.03629896
8,5,David Alan Grier,0.01072333
8,1,Lawrence Taylor,0.01428729
8,2,Lawrence Taylor,0.04086214
8,3,Lawrence Taylor,0.051796086
8,4,Lawrence Taylor,0.06741244
8,5,Lawrence Taylor,0.07225146
8,6,Lawrence Taylor,0.039979514
8,7,Lawrence Taylor,0.014732649
8,1,Ty Murray,0.020017158
8,2,Ty Murray,0.077204786
8,3,Ty Murray,0.10944875
8,4,Ty Murray,0.13712806
8,5,Ty Murray,0.15083838
8,6,Ty Murray,0.16164123
8,7,Ty Murray,0.16625644
8,8,Ty Murray,0.17887096
8,9,Ty Murray,0.17111345
8,10,Ty Murray,0.126295
8,1,Shawn Johnson,0.13642018
8,2,Shawn Johnson,0.15611838
8,3,Shawn Johnson,0.16529553
8,4,Shawn Johnson,0.17944989
8,5,Shawn Johnson,0.19316144
8,6,Shawn Johnson,0.23000617
8,7,Shawn Johnson,0.24768102
8,8,Shawn Johnson,0.24925663
8,9,Shawn Johnson,0.26628637
8,10,Shawn Johnson,0.28700048
8,11,Shawn Johnson,0.36834458
8,1,Steve Wozniak,0.014251147
8,2,Steve Wozniak,0.0537268
8,3,Steve Wozniak,0.07413894
8,4,Steve Wozniak,0.017595274
8,1,Belinda Carlisle,0.0046546757
8,2,Belinda Carlisle,0.0044953194
8,1,Chuck Wicks,0.023051333
8,2,Chuck Wicks,0.041575626
8,3,Chuck Wicks,0.04254905
8,4,Chuck Wicks,0.05320631
8,5,Chuck Wicks,0.059352893
8,6,Chuck Wicks,0.043165144
8,7,Chuck Wicks,0.03428062
8,8,Chuck Wicks,0.019057617
8,1,Lil' Kim,0.022822313
8,2,Lil' Kim,0.032373387
8,3,Lil' Kim,0.030609632
8,4,Lil' Kim,0.033977233
8,5,Lil' Kim,0.042073064
8,6,Lil' Kim,0.03529032
8,7,Lil' Kim,0.045608073
8,8,Lil' Kim,0.055476896
8,9,Lil' Kim,0.03757666
8,1,Steve-O,0.02391752
8,2,Steve-O,0.062587805
8,3,Steve-O,0.071278736
8,4,Steve-O,0.08435496
8,5,Steve-O,0.07588572
8,6,Steve-O,0.017281476
8,1,Holly Madison,0.024254037
8,2,Holly Madison,0.050695155
8,3,Holly Madison,0.045912314
8,4,Holly Madison,0.011641157
8,1,Melissa Rycroft,0.070578426
8,2,Melissa Rycroft,0.098103486
8,3,Melissa Rycroft,0.10189657
8,4,Melissa Rycroft,0.10896555
8,5,Melissa Rycroft,0.11969545
8,6,Melissa Rycroft,0.1275604
8,7,Melissa Rycroft,0.14960729
8,8,Melissa Rycroft,0.1581102
8,9,Melissa Rycroft,0.17962877
8,10,Melissa Rycroft,0.21072786
8,11,Melissa Rycroft,0.20864552
9,1,Ashley Hamiliton,0.0052778763
9,1,Debi Mazar,0.053050186
9,2,Debi Mazar,0.027974326
9,3,Debi Mazar,0.0068823523
9,1,Melissa Joan Hart,0.057487637
9,2,Melissa Joan Hart,0.049518403
9,3,Melissa Joan Hart,0.05463785
9,4,Melissa Joan Hart,0.034827117
9,5,Melissa Joan Hart,0.038448203
9,6,Melissa Joan Hart,0.015240147
9,1,Mark Dacascos,0.05057505
9,2,Mark Dacascos,0.044894498
9,3,Mark Dacascos,0.05806967
9,4,Mark Dacascos,0.04231754
9,5,Mark Dacascos,0.04342729
9,6,Mark Dacascos,0.046607245
9,7,Mark Dacascos,0.028438486
9,1,Chuck Liddell,0.05858914
9,2,Chuck Liddell,0.050773937
9,3,Chuck Liddell,0.05239113
9,4,Chuck Liddell,0.007945941
9,1,Natalie Coughlin,0.046891388
9,2,Natalie Coughlin,0.03835579
9,3,Natalie Coughlin,0.030186983
9,4,Natalie Coughlin,0.01660847
9,5,Natalie Coughlin,0.006130421
9,1,Louie Vito,0.04740889
9,2,Louie Vito,0.048049204
9,3,Louie Vito,0.0578428
9,4,Louie Vito,0.059712432
9,5,Louie Vito,0.045605846
9,6,Louie Vito,0.013825555
9,1,Michael Irvin,0.06230889
9,2,Michael Irvin,0.051126827
9,3,Michael Irvin,0.075476736
9,4,Michael Irvin,0.064013585
9,5,Michael Irvin,0.06417731
9,6,Michael Irvin,0.077332586
9,7,Michael Irvin,0.023137378
9,1,Joanna Krupa,0.1183644
9,2,Joanna Krupa,0.11516686
9,3,Joanna Krupa,0.10740908
9,4,Joanna Krupa,0.10894251
9,5,Joanna Krupa,0.11177609
9,6,Joanna Krupa,0.113555714
9,7,Joanna Krupa,0.12654975
9,8,Joanna Krupa,0.12703948
9,9,Joanna Krupa,0.102170736
9,1,Kathy Ireland,0.04255762
9,2,Kathy Ireland,0.005586372
9,1,Tom DeLay,0.058667466
9,2,Tom DeLay,0.03700926
9,3,Tom DeLay,0.008225738
9,1,Macy Gray,0.0043722875
9,1,Aaron Carter,0.040799808
9,2,Aaron Carter,0.032478377
9,3,Aaron Carter,0.0476362
9,4,Aaron Carter,0.049518127
9,5,Aaron Carter,0.04757295
9,6,Aaron Carter,0.04997446
9,7,Aaron Carter,0.060581177
9,8,Aaron Carter,0.035049733
9,1,Mya,0.15948309
9,2,Mya,0.24755947
9,3,Mya,0.24160782
9,4,Mya,0.32666916
9,5,Mya,0.31403592
9,6,Mya,0.32523942
9,7,Mya,0.34713167
9,8,Mya,0.3892459
9,9,Mya,0.40847507
9,10,Mya,0.4752984
9,1,Donny Osmond,0.10010407
9,2,Donny Osmond,0.14192106
9,3,Donny Osmond,0.14782391
9,4,Donny Osmond,0.17338648
9,5,Donny Osmond,0.20228644
9,6,Donny Osmond,0.22023772
9,7,Donny Osmond,0.25700623
9,8,Donny Osmond,0.27049682
9,9,Donny Osmond,0.27268952
9,10,Donny Osmond,0.31701723
9,1,Kelly Osbourne,0.09406223
9,2,Kelly Osbourne,0.1095857
9,3,Kelly Osbourne,0.111809745
9,4,Kelly Osbourne,0.116058595
9,5,Kelly Osbourne,0.12653959
9,6,Kelly Osbourne,0.13798717
9,7,Kelly Osbourne,0.15715536
9,8,Kelly Osbourne,0.17816809
9,9,Kelly Osbourne,0.21666469
9,10,Kelly Osbourne,0.20768438
10,1,Aiden Turner,0.021304516
10,2,Aiden Turner,0.048381593
10,3,Aiden Turner,0.025211316
10,4,Aiden Turner,0.008485588
10,1,Shannen Doherty,0.017284526
10,2,Shannen Doherty,0.008035084
10,1,Niecy Nash,0.023905534
10,2,Niecy Nash,0.043595575
10,3,Niecy Nash,0.039987933
10,4,Niecy Nash,0.054943345
10,5,Niecy Nash,0.05752477
10,6,Niecy Nash,0.06874715
10,7,Niecy Nash,0.075438656
10,8,Niecy Nash,0.04053181
10,1,Buzz Aldrin,0.031725626
10,2,Buzz Aldrin,0.074667424
10,3,Buzz Aldrin,0.011799642
10,1,Chad Ochocinco,0.08520723
10,2,Chad Ochocinco,0.11715286
10,3,Chad Ochocinco,0.1200321
10,4,Chad Ochocinco,0.12856402
10,5,Chad Ochocinco,0.12728217
10,6,Chad Ochocinco,0.13872017
10,7,Chad Ochocinco,0.14838608
10,8,Chad Ochocinco,0.1436316
10,9,Chad Ochocinco,0.113401316
10,1,Evan Lysacek,0.3242659
10,2,Evan Lysacek,0.2426007
10,3,Evan Lysacek,0.36426994
10,4,Evan Lysacek,0.3744785
10,5,Evan Lysacek,0.44065988
10,6,Evan Lysacek,0.40803778
10,7,Evan Lysacek,0.40017414
10,8,Evan Lysacek,0.41334936
10,9,Evan Lysacek,0.4223733
10,10,Evan Lysacek,0.4493952
10,1,Pamela Anderson,0.020160686
10,2,Pamela Anderson,0.039916173
10,3,Pamela Anderson,0.034264993
10,4,Pamela Anderson,0.036461994
10,5,Pamela Anderson,0.036903895
10,6,Pamela Anderson,0.03539356
10,7,Pamela Anderson,0.01811415
10,1,Nicole Scherzinger,0.29579392
10,2,Nicole Scherzinger,0.18823312
10,3,Nicole Scherzinger,0.1849704
10,4,Nicole Scherzinger,0.1798567
10,5,Nicole Scherzinger,0.18489286
10,6,Nicole Scherzinger,0.20241731
10,7,Nicole Scherzinger,0.21008001
10,8,Nicole Scherzinger,0.23207052
10,9,Nicole Scherzinger,0.25510174
10,10,Nicole Scherzinger,0.32100847
10,1,Erin Andrews,0.12294269
10,2,Erin Andrews,0.114024624
10,3,Erin Andrews,0.113769785
10,4,Erin Andrews,0.11638848
10,5,Erin Andrews,0.1138534
10,6,Erin Andrews,0.13433842
10,7,Erin Andrews,0.14780697
10,8,Erin Andrews,0.17041673
10,9,Erin Andrews,0.20912367
10,10,Erin Andrews,0.22959632
10,1,Kate Gosselin,0.029592039
10,2,Kate Gosselin,0.07282939
10,3,Kate Gosselin,0.0642653
10,4,Kate Gosselin,0.056427848
10,5,Kate Gosselin,0.014240466
10,1,Jake Pavelka,0.0278173
10,2,Jake Pavelka,0.050563436
10,3,Jake Pavelka,0.04142855
10,4,Jake Pavelka,0.0443935
10,5,Jake Pavelka,0.024642494
10,6,Jake Pavelka,0.012345604
11,1,David Hasselhoff,0.0055602686
11,1,Florence Henderson,0.046350677
11,2,Florence Henderson,0.040577374
11,3,Florence Henderson,0.049555983
11,4,Florence Henderson,0.03549039
11,5,Florence Henderson,0.01284704
11,1,Kyle Massey,0.32088372
11,2,Kyle Massey,0.41429153
11,3,Kyle Massey,0.3945264
11,4,Kyle Massey,0.4079096
11,5,Kyle Massey,0.3578079
11,6,Kyle Massey,0.31494832
11,7,Kyle Massey,0.3560979
11,8,Kyle Massey,0.40015876
11,9,Kyle Massey,0.405058
11,10,Kyle Massey,0.44221997
11,1,Jennifer Grey,0.24150077
11,2,Jennifer Grey,0.20320061
11,3,Jennifer Grey,0.1846222
11,4,Jennifer Grey,0.19362219
11,5,Jennifer Grey,0.20210977
11,6,Jennifer Grey,0.1910335
11,7,Jennifer Grey,0.21653734
11,8,Jennifer Grey,0.23197812
11,9,Jennifer Grey,0.26186243
11,10,Jennifer Grey,0.330519
11,1,Rick Fox,0.042147763
11,2,Rick Fox,0.031111188
11,3,Rick Fox,0.037802998
11,4,Rick Fox,0.04174488
11,5,Rick Fox,0.05673968
11,6,Rick Fox,0.07088111
11,7,Rick Fox,0.026393693
11,1,Kurt Warner,0.0361726
11,2,Kurt Warner,0.029532855
11,3,Kurt Warner,0.039517596
11,4,Kurt Warner,0.048765942
11,5,Kurt Warner,0.06418017
11,6,Kurt Warner,0.11324759
11,7,Kurt Warner,0.08064763
11,8,Kurt Warner,0.041367214
11,1,Margaret Cho,0.030458095
11,2,Margaret Cho,0.018316751
11,3,Margaret Cho,0.006620281
11,1,Michael Bolton,0.012726202
11,2,Michael Bolton,0.0046572406
11,1,Brandy,0.09411727
11,2,Brandy,0.088536166
11,3,Brandy,0.09520093
11,4,Brandy,0.092977926
11,5,Brandy,0.10846009
11,6,Brandy,0.12238886
11,7,Brandy,0.13223015
11,8,Brandy,0.121913284
11,9,Brandy,0.102572925
11,1,The Situation,0.048233695
11,2,The Situation,0.040224746
11,3,The Situation,0.03759219
11,4,The Situation,0.0104763415
11,1,Audrina Patridge,0.03234993
11,2,Audrina Patridge,0.025509536
11,3,Audrina Patridge,0.030456863
11,4,Audrina Patridge,0.03166134
11,5,Audrina Patridge,0.041728124
11,6,Audrina Patridge,0.016538285
11,1,Bristol Palin,0.08949906
11,2,Bristol Palin,0.104042016
11,3,Bristol Palin,0.124104574
11,4,Bristol Palin,0.13735141
11,5,Bristol Palin,0.15612726
11,6,Bristol Palin,0.17096238
11,7,Bristol Palin,0.18809327
11,8,Bristol Palin,0.20458272
11,9,Bristol Palin,0.23050661
11,10,Bristol Palin,0.22726098
12,1,Ralph Macchio,0.13390504
12,2,Ralph Macchio,0.115344174
12,3,Ralph Macchio,0.10511759
12,4,Ralph Macchio,0.11597759
12,5,Ralph Macchio,0.12380326
12,6,Ralph Macchio,0.1243596
12,7,Ralph Macchio,0.14649743
12,8,Ralph Macchio,0.15539682
12,9,Ralph Macchio,0.12009793
12,1,Chelsea Kane,0.4505002
12,2,Chelsea Kane,0.34992886
12,3,Chelsea Kane,0.3606237
12,4,Chelsea Kane,0.31833088
12,5,Chelsea Kane,0.33896083
12,6,Chelsea Kane,0.36332667
12,7,Chelsea Kane,0.35412744
12,8,Chelsea Kane,0.367019
12,9,Chelsea Kane,0.40739277
12,10,Chelsea Kane,0.4810795
12,1,Kirstie Alley,0.20980172
12,2,Kirstie Alley,0.22172372
12,3,Kirstie Alley,0.23281595
12,4,Kirstie Alley,0.22464706
12,5,Kirstie Alley,0.23473318
12,6,Kirstie Alley,0.25710475
12,7,Kirstie Alley,0.25181237
12,8,Kirstie Alley,0.2659511
12,9,Kirstie Alley,0.28019014
12,10,Kirstie Alley,0.29728454
12,1,Hines Ward,0.065232106
12,2,Hines Ward,0.0940282
12,3,Hines Ward,0.105209514
12,4,Hines Ward,0.11837623
12,5,Hines Ward,0.12978353
12,6,Hines Ward,0.1364871
12,7,Hines Ward,0.15654834
12,8,Hines Ward,0.1738008
12,9,Hines Ward,0.19231927
12,10,Hines Ward,0.22163592
12,1,Sugar Ray Leonard,0.027913513
12,2,Sugar Ray Leonard,0.045592353
12,3,Sugar Ray Leonard,0.02800257
12,4,Sugar Ray Leonard,0.008859901
12,1,Chris Jericho,0.02936437
12,2,Chris Jericho,0.036966972
12,3,Chris Jericho,0.041896857
12,4,Chris Jericho,0.05125418
12,5,Chris Jericho,0.041208364
12,6,Chris Jericho,0.016035931
12,1,Petra Nemcova,0.022312874
12,2,Petra Nemcova,0.041242626
12,3,Petra Nemcova,0.03542261
12,4,Petra Nemcova,0.03874621
12,5,Petra Nemcova,0.012145427
12,1,Mike Catherwood,0.007386515
12,2,Mike Catherwood,0.0049878075
12,1,Romeo,0.018902274
12,2,Romeo,0.029927818
12,3,Romeo,0.038799834
12,4,Romeo,0.0499633
12,5,Romeo,0.05067598
12,6,Romeo,0.053104434
12,7,Romeo,0.07031129
12,8,Romeo,0.03783227
12,1,Wendy Williams,0.01361187
12,2,Wendy Williams,0.021038383
12,3,Wendy Williams,0.007293827
12,1,Kendra Wilkinson,0.021069558
12,2,Kendra Wilkinson,0.03921907
12,3,Kendra Wilkinson,0.044817574
12,4,Kendra Wilkinson,0.0738447
12,5,Kendra Wilkinson,0.06868945
12,6,Kendra Wilkinson,0.049581543
12,7,Kendra Wilkinson,0.020703135
13,1,Elisabetta Canalis,0.039722513
13,2,Elisabetta Canalis,0.00917689
13,1,David Arquette,0.04925811
13,2,David Arquette,0.06715315
13,3,David Arquette,0.062889524
13,4,David Arquette,0.055462822
13,5,David Arquette,0.044343427
13,6,David Arquette,0.03773491
13,7,David Arquette,0.018151924
13,1,Ricki Lake,0.22721085
13,2,Ricki Lake,0.21105173
13,3,Ricki Lake,0.2380583
13,4,Ricki Lake,0.30950052
13,5,Ricki Lake,0.36788929
13,6,Ricki Lake,0.4083152
13,7,Ricki Lake,0.41481483
13,8,Ricki Lake,0.43771937
13,9,Ricki Lake,0.46800387
13,10,Ricki Lake,0.49458787
13,1,J.R. Martinez,0.21281202
13,2,J.R. Martinez,0.17593698
13,3,J.R. Martinez,0.17395802
13,4,J.R. Martinez,0.18506138
13,5,J.R. Martinez,0.21145286
13,6,J.R. Martinez,0.22534455
13,7,J.R. Martinez,0.21900551
13,8,J.R. Martinez,0.2510632
13,9,J.R. Martinez,0.25615698
13,10,J.R. Martinez,0.29538363
13,1,Metta World Peace (Ron),0.0060142986
13,1,Hope Solo,0.12009118
13,2,Hope Solo,0.11833618
13,3,Hope Solo,0.12272988
13,4,Hope Solo,0.12232683
13,5,Hope Solo,0.12495388
13,6,Hope Solo,0.12561327
13,7,Hope Solo,0.12936081
13,8,Hope Solo,0.12444871
13,9,Hope Solo,0.10619983
13,1,Chynna Phillips,0.04935895
13,2,Chynna Phillips,0.05682997
13,3,Chynna Phillips,0.04188435
13,4,Chynna Phillips,0.010034999
13,1,Kristin Cavallari,0.049967047
13,2,Kristin Cavallari,0.04113383
13,3,Kristin Cavallari,0.009601004
13,1,Carson Kressley,0.054005455
13,2,Carson Kressley,0.07143526
13,3,Carson Kressley,0.06979701
13,4,Carson Kressley,0.058039926
13,5,Carson Kressley,0.013783424
13,1,Chaz Bono,0.058502857
13,2,Chaz Bono,0.07672007
13,3,Chaz Bono,0.08570646
13,4,Chaz Bono,0.06801832
13,5,Chaz Bono,0.04971391
13,6,Chaz Bono,0.016302582
13,1,Nancy Grace,0.0398092
13,2,Nancy Grace,0.056284886
13,3,Nancy Grace,0.06965941
13,4,Nancy Grace,0.06393501
13,5,Nancy Grace,0.05635506
13,6,Nancy Grace,0.055455774
13,7,Nancy Grace,0.07493567
13,8,Nancy Grace,0.037308555
13,1,Rob Kardashian,0.09324754
13,2,Rob Kardashian,0.11594114
13,3,Rob Kardashian,0.12571602
13,4,Rob Kardashian,0.12762012
13,5,Rob Kardashian,0.13150808
13,6,Rob Kardashian,0.13123369
13,7,Rob Kardashian,0.1437313
13,8,Rob Kardashian,0.14946026
13,9,Rob Kardashian,0.16963929
13,10,Rob Kardashian,0.21002845
14,1,William Levy,0.695016
14,2,William Levy,0.45244142
14,3,William Levy,0.3185899
14,4,William Levy,0.2860688
14,5,William Levy,0.31200978
14,6,William Levy,0.31648445
14,7,William Levy,0.28276235
14,8,William Levy,0.29699773
14,9,William Levy,0.333811
14,10,William Levy,0.39312747
14,1,Jack Wagner,0.02043772
14,2,Jack Wagner,0.022791019
14,3,Jack Wagner,0.0074070925
14,1,Sherri Sheperd,0.024860213
14,2,Sherri Sheperd,0.03770337
14,3,Sherri Sheperd,0.0386982
14,4,Sherri Sheperd,0.008391559
14,1,Jaleel White,0.029683398
14,2,Jaleel White,0.04145371
14,3,Jaleel White,0.052283153
14,4,Jaleel White,0.05331408
14,5,Jaleel White,0.0367902
14,6,Jaleel White,0.020102179
14,7,Jaleel White,0.01090671
14,1,Roshon Fegan,0.015431601
14,2,Roshon Fegan,0.028642619
14,3,Roshon Fegan,0.04466733
14,4,Roshon Fegan,0.04295353
14,5,Roshon Fegan,0.042135
14,6,Roshon Fegan,0.05175796
14,7,Roshon Fegan,0.057645813
14,8,Roshon Fegan,0.0369137
14,1,Melissa Gilbert,0.015458807
14,2,Melissa Gilbert,0.038130727
14,3,Melissa Gilbert,0.052700106
14,4,Melissa Gilbert,0.056870766
14,5,Melissa Gilbert,0.055632904
14,6,Melissa Gilbert,0.05478563
14,7,Melissa Gilbert,0.06929652
14,8,Melissa Gilbert,0.039347902
14,1,Martina Navratilova,0.0051835477
14,2,Martina Navratilova,0.0036976615
14,1,Donald Driver,0.035108496
14,2,Donald Driver,0.098526664
14,3,Donald Driver,0.14880708
14,4,Donald Driver,0.2128793
14,5,Donald Driver,0.2661641
14,6,Donald Driver,0.30085155
14,7,Donald Driver,0.29156503
14,8,Donald Driver,0.3017461
14,9,Donald Driver,0.31530058
14,10,Donald Driver,0.35063908
14,1,Gavin DeGraw,0.016258668
14,2,Gavin DeGraw,0.039725486
14,3,Gavin DeGraw,0.05283383
14,4,Gavin DeGraw,0.040263303
14,5,Gavin DeGraw,0.00972506
14,1,Gladys Knight,0.015804542
14,2,Gladys Knight,0.04322008
14,3,Gladys Knight,0.058367636
14,4,Gladys Knight,0.06302365
14,5,Gladys Knight,0.040647037
14,6,Gladys Knight,0.012109796
14,1,Katherine Jenkins,0.08027808
14,2,Katherine Jenkins,0.100477874
14,3,Katherine Jenkins,0.10926435
14,4,Katherine Jenkins,0.108520254
14,5,Katherine Jenkins,0.10528319
14,6,Katherine Jenkins,0.11440535
14,7,Katherine Jenkins,0.14035954
14,8,Katherine Jenkins,0.1801085
14,9,Katherine Jenkins,0.23113278
14,10,Katherine Jenkins,0.25623348
14,1,Maria Menounos,0.04647891
14,2,Maria Menounos,0.093189284
14,3,Maria Menounos,0.116381325
14,4,Maria Menounos,0.1277148
14,5,Maria Menounos,0.13161266
14,6,Maria Menounos,0.12950303
14,7,Maria Menounos,0.14746402
14,8,Maria Menounos,0.14488606
14,9,Maria Menounos,0.119755685
15,1,Gilles Marini,0.046562135
15,2,Gilles Marini,0.046623237
15,3,Gilles Marini,0.06379291
15,4,Gilles Marini,0.041401945
15,5,Gilles Marini,0.027276907
15,6,Gilles Marini,0.051828716
15,7,Gilles Marini,0.019397175
15,8,Gilles Marini,0.015748996
15,1,Sabrina Bryan,0.04376354
15,2,Sabrina Bryan,0.04798399
15,3,Sabrina Bryan,0.066724025
15,4,Sabrina Bryan,0.042176448
15,5,Sabrina Bryan,0.014330638
15,6,Sabrina Bryan,0.009929179
15,1,Kirstie Alley,0.044540253
15,2,Kirstie Alley,0.056352697
15,3,Kirstie Alley,0.07414463
15,4,Kirstie Alley,0.06259437
15,5,Kirstie Alley,0.031383645
15,6,Kirstie Alley,0.055738173
15,7,Kirstie Alley,0.022787683
15,8,Kirstie Alley,0.019011306
15,1,Kelly Monaco,0.2206334
15,2,Kelly Monaco,0.22374097
15,3,Kelly Monaco,0.22960763
15,4,Kelly Monaco,0.37539265
15,5,Kelly Monaco,0.5023109
15,6,Kelly Monaco,0.36409754
15,7,Kelly Monaco,0.45896456
15,8,Kelly Monaco,0.37839258
15,9,Kelly Monaco,0.35411802
15,10,Kelly Monaco,0.4335241
15,1,Apolo Anton Ohno,0.12363271
15,2,Apolo Anton Ohno,0.13200155
15,3,Apolo Anton Ohno,0.13052541
15,4,Apolo Anton Ohno,0.12294849
15,5,Apolo Anton Ohno,0.105049126
15,6,Apolo Anton Ohno,0.13095228
15,7,Apolo Anton Ohno,0.111169
15,8,Apolo Anton Ohno,0.1264274
15,9,Apolo Anton Ohno,0.10905393
15,1,Emmitt Smith,0.04995542
15,2,Emmitt Smith,0.050084148
15,3,Emmitt Smith,0.06481294
15,4,Emmitt Smith,0.0456069
15,5,Emmitt Smith,0.028961152
15,6,Emmitt Smith,0.05928257
15,7,Emmitt Smith,0.03447729
15,8,Emmitt Smith,0.066524066
15,9,Emmitt Smith,0.045402672
15,1,Shawn Johnson,0.22148785
15,2,Shawn Johnson,0.1863544
15,3,Shawn Johnson,0.16301261
15,4,Shawn Johnson,0.18692523
15,5,Shawn Johnson,0.19528341
15,6,Shawn Johnson,0.20386615
15,7,Shawn Johnson,0.22708544
15,8,Shawn Johnson,0.22962633
15,9,Shawn Johnson,0.2779172
15,10,Shawn Johnson,0.31864342
15,1,Pamela Anderson,0.002732232
15,1,Helio Castroneves,0.04689441
15,2,Helio Castroneves,0.037453104
15,3,Helio Castroneves,0.010107693
15,1,Joey Fatone,0.021418555
15,2,Joey Fatone,0.006167293
15,1,Drew Lachey,0.042677205
15,2,Drew Lachey,0.038218956
15,3,Drew Lachey,0.010412824
15,1,Bristol Palin,0.052042626
15,2,Bristol Palin,0.068249896
15,3,Bristol Palin,0.069243945
15,4,Bristol Palin,0.010684058
15,1,Melissa Rycroft,0.08365971
15,2,Melissa Rycroft,0.106769785
15,3,Melissa Rycroft,0.1176154
15,4,Melissa Rycroft,0.11227
15,5,Melissa Rycroft,0.09540423
15,6,Melissa Rycroft,0.12430534
15,7,Melissa Rycroft,0.12611891
15,8,Melissa Rycroft,0.16426924
15,9,Melissa Rycroft,0.21350825
15,10,Melissa Rycroft,0.24783243
16,1,Ingo Rademacher,0.01804516
16,2,Ingo Rademacher,0.028475063
16,3,Ingo Rademacher,0.0326433
16,4,Ingo Rademacher,0.03953913
16,5,Ingo Rademacher,0.046956748
16,6,Ingo Rademacher,0.048471954
16,7,Ingo Rademacher,0.04061515
16,8,Ingo Rademacher,0.04646962
16,9,Ingo Rademacher,0.0312152
16,1,Zendaya,0.6719846
16,2,Zendaya,0.4515768
16,3,Zendaya,0.37351882
16,4,Zendaya,0.3170898
16,5,Zendaya,0.31104636
16,6,Zendaya,0.31588247
16,7,Zendaya,0.34265128
16,8,Zendaya,0.34406498
16,9,Zendaya,0.3238571
16,10,Zendaya,0.34745434
16,1,Dorothy Hamill,0.007457667
16,2,Dorothy Hamill,0.0037923218
16,1,Victor Ortiz,0.025861776
16,2,Victor Ortiz,0.039239403
16,3,Victor Ortiz,0.040911026
16,4,Victor Ortiz,0.055304457
16,5,Victor Ortiz,0.039022923
16,6,Victor Ortiz,0.0114915315
16,1,Alexandra Raisman,0.056250926
16,2,Alexandra Raisman,0.07755164
16,3,Alexandra Raisman,0.080248326
16,4,Alexandra Raisman,0.085869014
16,5,Alexandra Raisman,0.086453244
16,6,Alexandra Raisman,0.08913806
16,7,Alexandra Raisman,0.08474857
16,8,Alexandra Raisman,0.09407771
16,9,Alexandra Raisman,0.10739365
16,10,Alexandra Raisman,0.103595145
16,1,Jacoby Jones,0.07472559
16,2,Jacoby Jones,0.14132193
16,3,Jacoby Jones,0.19348857
16,4,Jacoby Jones,0.22739178
16,5,Jacoby Jones,0.26380956
16,6,Jacoby Jones,0.2863165
16,7,Jacoby Jones,0.32661232
16,8,Jacoby Jones,0.3254966
16,9,Jacoby Jones,0.34169504
16,10,Jacoby Jones,0.31170595
16,1,D. L. Hughley,0.013180994
16,2,D. L. Hughley,0.04118518
16,3,D. L. Hughley,0.049837835
16,4,D. L. Hughley,0.034753837
16,5,D. L. Hughley,0.009497804
16,1,Andy Dick,0.016864877
16,2,Andy Dick,0.033487435
16,3,Andy Dick,0.045701396
16,4,Andy Dick,0.053246204
16,5,Andy Dick,0.06181863
16,6,Andy Dick,0.04916632
16,7,Andy Dick,0.015946236
16,1,Wynonna Judd,0.010832293
16,2,Wynonna Judd,0.014676167
16,3,Wynonna Judd,0.0053665196
16,1,Kellie Pickler,0.07233766
16,2,Kellie Pickler,0.110888414
16,3,Kellie Pickler,0.12249263
16,4,Kellie Pickler,0.13315785
16,5,Kellie Pickler,0.13819602
16,6,Kellie Pickler,0.15368316
16,7,Kellie Pickler,0.15894482
16,8,Kellie Pickler,0.17364451
16,9,Kellie Pickler,0.19583893
16,10,Kellie Pickler,0.23724462
16,1,Lisa Vanderpump,0.013566114
16,2,Lisa Vanderpump,0.026423784
16,3,Lisa Vanderpump,0.018408319
16,4,Lisa Vanderpump,0.0065632765
16,1,Sean Lowe,0.018892314
16,2,Sean Lowe,0.031381823
16,3,Sean Lowe,0.037383262
16,4,Sean Lowe,0.04708465
16,5,Sean Lowe,0.043198623
16,6,Sean Lowe,0.045849934
16,7,Sean Lowe,0.030481704
16,8,Sean Lowe,0.016246535
17,1,Valerie Harper,0.020060591
17,2,Valerie Harper,0.03968497
17,3,Valerie Harper,0.04209719
17,4,Valerie Harper,0.008796552
17,1,Brant Daugherty,0.023590898
17,2,Brant Daugherty,0.030978931
17,3,Brant Daugherty,0.03417024
17,4,Brant Daugherty,0.047944855
17,5,Brant Daugherty,0.057616465
17,6,Brant Daugherty,0.029812356
17,7,Brant Daugherty,0.03867958
17,8,Brant Daugherty,0.014019323
17,1,Elizabeth Berkley Lauren,0.025434442
17,2,Elizabeth Berkley Lauren,0.027883198
17,3,Elizabeth Berkley Lauren,0.02928861
17,4,Elizabeth Berkley Lauren,0.035500027
17,5,Elizabeth Berkley Lauren,0.058109567
17,6,Elizabeth Berkley Lauren,0.035259172
17,7,Elizabeth Berkley Lauren,0.060739942
17,8,Elizabeth Berkley Lauren,0.06750201
17,9,Elizabeth Berkley Lauren,0.023988558
17,1,Leah Remini,0.01685785
17,2,Leah Remini,0.02507146
17,3,Leah Remini,0.03055639
17,4,Leah Remini,0.042208165
17,5,Leah Remini,0.07149926
17,6,Leah Remini,0.035230678
17,7,Leah Remini,0.05954286
17,8,Leah Remini,0.06744119
17,9,Leah Remini,0.07911702
17,10,Leah Remini,0.042135376
17,1,Corbin Bleu,0.23464797
17,2,Corbin Bleu,0.31815368
17,3,Corbin Bleu,0.36521074
17,4,Corbin Bleu,0.37778124
17,5,Corbin Bleu,0.32892302
17,6,Corbin Bleu,0.48462334
17,7,Corbin Bleu,0.3702776
17,8,Corbin Bleu,0.34428084
17,9,Corbin Bleu,0.3465444
17,10,Corbin Bleu,0.3737198
17,11,Corbin Bleu,0.38860533
17,1,Amber Riley,0.51452464
17,2,Amber Riley,0.29277763
17,3,Amber Riley,0.21625338
17,4,Amber Riley,0.18806732
17,5,Amber Riley,0.16225071
17,6,Amber Riley,0.16699116
17,7,Amber Riley,0.17863041
17,8,Amber Riley,0.1820087
17,9,Amber Riley,0.18754444
17,10,Amber Riley,0.21141973
17,11,Amber Riley,0.24773568
17,1,Keyshawn Johnson,0.0064109177
17,2,Keyshawn Johnson,0.0039213253
17,1,Bill Engvall,0.02647051
17,2,Bill Engvall,0.06624783
17,3,Bill Engvall,0.087877356
17,4,Bill Engvall,0.10397027
17,5,Bill Engvall,0.11868863
17,6,Bill Engvall,0.10073008
17,7,Bill Engvall,0.13007805
17,8,Bill Engvall,0.15160367
17,9,Bill Engvall,0.17112698
17,10,Bill Engvall,0.15959796
17,11,Bill Engvall,0.124782525
17,1,Christina Milian,0.021088105
17,2,Christina Milian,0.026843365
17,3,Christina Milian,0.025570616
17,4,Christina Milian,0.021262378
17,5,Christina Milian,0.010065103
17,1,"Nicole ""Snooki"" Polizzi",0.024190841
17,2,"Nicole ""Snooki"" Polizzi",0.038082622
17,3,"Nicole ""Snooki"" Polizzi",0.036628958
17,4,"Nicole ""Snooki"" Polizzi",0.041978594
17,5,"Nicole ""Snooki"" Polizzi",0.051285952
17,6,"Nicole ""Snooki"" Polizzi",0.01535085
17,7,"Nicole ""Snooki"" Polizzi",0.008094173
17,1,Jack Osbourne,0.07729114
17,2,Jack Osbourne,0.11474791
17,3,Jack Osbourne,0.12667648
17,4,Jack Osbourne,0.13249059
17,5,Jack Osbourne,0.14156125
17,6,Jack Osbourne,0.1320024
17,7,Jack Osbourne,0.15395743
17,8,Jack Osbourne,0.17314425
17,9,Jack Osbourne,0.19167854
17,10,Jack Osbourne,0.21312717
17,11,Jack Osbourne,0.23887646
17,1,Bill Nye,0.0094320895
17,2,Bill Nye,0.015607166
17,3,Bill Nye,0.005670018
18,1,Billy Dee Williams,0.006114436
18,2,Billy Dee Williams,0.006405097
18,1,Danica McKellar,0.028520571
18,2,Danica McKellar,0.039235488
18,3,Danica McKellar,0.017168177
18,4,Danica McKellar,0.01716762
18,5,Danica McKellar,0.041045126
18,6,Danica McKellar,0.051664814
18,7,Danica McKellar,0.04630232
18,8,Danica McKellar,0.02042795
18,1,James Maslow,0.0388265
18,2,James Maslow,0.072274156
18,3,James Maslow,0.046840746
18,4,James Maslow,0.053342115
18,5,James Maslow,0.09639968
18,6,James Maslow,0.115802184
18,7,James Maslow,0.12540643
18,8,James Maslow,0.13646479
18,9,James Maslow,0.13695258
18,10,James Maslow,0.11834204
18,1,Candace Cameron Bure,0.5065972
18,2,Candace Cameron Bure,0.382429
18,3,Candace Cameron Bure,0.58844316
18,4,Candace Cameron Bure,0.5548325
18,5,Candace Cameron Bure,0.35074928
18,6,Candace Cameron Bure,0.31381303
18,7,Candace Cameron Bure,0.32421654
18,8,Candace Cameron Bure,0.3219692
18,9,Candace Cameron Bure,0.31636477
18,10,Candace Cameron Bure,0.311103
18,1,Sean Avery,0.008978421
18,2,Sean Avery,0.0056569274
18,1,Diana Nyad,0.007981857
18,1,Charlie White,0.027888661
18,2,Charlie White,0.034513973
18,3,Charlie White,0.015320106
18,4,Charlie White,0.016442649
18,5,Charlie White,0.04184433
18,6,Charlie White,0.052601874
18,7,Charlie White,0.05790167
18,8,Charlie White,0.061113942
18,9,Charlie White,0.03632837
18,1,Amy Purdy,0.2323346
18,2,Amy Purdy,0.21189818
18,3,Amy Purdy,0.19613867
18,4,Amy Purdy,0.20559771
18,5,Amy Purdy,0.21814007
18,6,Amy Purdy,0.23869269
18,7,Amy Purdy,0.24711174
18,8,Amy Purdy,0.27185217
18,9,Amy Purdy,0.29481313
18,10,Amy Purdy,0.31957006
18,1,Meryl Davis,0.06874694
18,2,Meryl Davis,0.102842756
18,3,Meryl Davis,0.08295442
18,4,Meryl Davis,0.10125627
18,5,Meryl Davis,0.13894083
18,6,Meryl Davis,0.1640435
18,7,Meryl Davis,0.1845942
18,8,Meryl Davis,0.18817194
18,9,Meryl Davis,0.21554117
18,10,Meryl Davis,0.25098494
18,1,Drew Carey,0.026215147
18,2,Drew Carey,0.05199486
18,3,Drew Carey,0.021161743
18,4,Drew Carey,0.024126897
18,5,Drew Carey,0.057908464
18,6,Drew Carey,0.013256473
18,1,Cody Simpson,0.02731958
18,2,Cody Simpson,0.044186033
18,3,Cody Simpson,0.0129238535
18,4,Cody Simpson,0.007264089
18,5,Cody Simpson,0.0064278003
18,1,NeNe Leakes,0.02047605
18,2,NeNe Leakes,0.048563465
18,3,NeNe Leakes,0.019049045
18,4,NeNe Leakes,0.019970102
18,5,NeNe Leakes,0.048544522
18,6,NeNe Leakes,0.050125495
18,7,NeNe Leakes,0.014467018
19,1,Antonio Sabato Jr.,0.047713794
19,2,Antonio Sabato Jr.,0.0517761
19,3,Antonio Sabato Jr.,0.054602265
19,4,Antonio Sabato Jr.,0.055754747
19,5,Antonio Sabato Jr.,0.029704554
19,6,Antonio Sabato Jr.,0.05381942
19,7,Antonio Sabato Jr.,0.01242158
19,1,Jonathan Bennett,0.050971553
19,2,Jonathan Bennett,0.053575225
19,3,Jonathan Bennett,0.053355772
19,4,Jonathan Bennett,0.062510505
19,5,Jonathan Bennett,0.014106584
19,6,Jonathan Bennett,0.008273143
19,1,Lea Thompson,0.0332651
19,2,Lea Thompson,0.037828546
19,3,Lea Thompson,0.03985151
19,4,Lea Thompson,0.032644074
19,5,Lea Thompson,0.022776809
19,6,Lea Thompson,0.05037232
19,7,Lea Thompson,0.046916693
19,8,Lea Thompson,0.03417887
19,9,Lea Thompson,0.017164396
19,1,Janel Parrish,0.14184645
19,2,Janel Parrish,0.20551659
19,3,Janel Parrish,0.3029321
19,4,Janel Parrish,0.34661275
19,5,Janel Parrish,0.5608973
19,6,Janel Parrish,0.3497875
19,7,Janel Parrish,0.36417392
19,8,Janel Parrish,0.40732187
19,9,Janel Parrish,0.3691809
19,10,Janel Parrish,0.39953622
19,11,Janel Parrish,0.38162714
19,1,Alfonso Ribeiro,0.27503064
19,2,Alfonso Ribeiro,0.21667412
19,3,Alfonso Ribeiro,0.18917975
19,4,Alfonso Ribeiro,0.16984214
19,5,Alfonso Ribeiro,0.15054785
19,6,Alfonso Ribeiro,0.18765911
19,7,Alfonso Ribeiro,0.21169327
19,8,Alfonso Ribeiro,0.2342808
19,9,Alfonso Ribeiro,0.24530645
19,10,Alfonso Ribeiro,0.2640115
19,11,Alfonso Ribeiro,0.30118027
19,1,Lolo Jones,0.0048578396
19,1,Randy Couture,0.04573299
19,2,Randy Couture,0.03979637
19,3,Randy Couture,0.007614365
19,1,Tommy Chong,0.038883246
19,2,Tommy Chong,0.04743708
19,3,Tommy Chong,0.042810988
19,4,Tommy Chong,0.052899227
19,5,Tommy Chong,0.028222352
19,6,Tommy Chong,0.064014636
19,7,Tommy Chong,0.0667563
19,8,Tommy Chong,0.06636035
19,9,Tommy Chong,0.09429648
19,10,Tommy Chong,0.042166576
19,1,Betsey Johnson,0.060783677
19,2,Betsey Johnson,0.0564408
19,3,Betsey Johnson,0.03823891
19,4,Betsey Johnson,0.008896108
19,1,Michael Waltrip,0.050202124
19,2,Michael Waltrip,0.06295952
19,3,Michael Waltrip,0.059638485
19,4,Michael Waltrip,0.06613486
19,5,Michael Waltrip,0.031571526
19,6,Michael Waltrip,0.063041404
19,7,Michael Waltrip,0.06129782
19,8,Michael Waltrip,0.016727332
19,1,Tavis Smiley,0.021123001
19,2,Tavis Smiley,0.0059446236
19,1,Bethany Mota,0.09247703
19,2,Bethany Mota,0.08898665
19,3,Bethany Mota,0.08450303
19,4,Bethany Mota,0.08358461
19,5,Bethany Mota,0.0583639
19,6,Bethany Mota,0.08643415
19,7,Bethany Mota,0.092045344
19,8,Bethany Mota,0.09038458
19,9,Bethany Mota,0.107641384
19,10,Bethany Mota,0.109378375
19,11,Bethany Mota,0.097367644
19,1,Sadie Robertson,0.13711265
19,2,Sadie Robertson,0.13306434
19,3,Sadie Robertson,0.12727281
19,4,Sadie Robertson,0.121120974
19,5,Sadie Robertson,0.10380913
19,6,Sadie Robertson,0.13659832
19,7,Sadie Robertson,0.144695
19,8,Sadie Robertson,0.15074617
19,9,Sadie Robertson,0.16641046
19,10,Sadie Robertson,0.18490727
19,11,Sadie Robertson,0.21982494
20,1,Suzanne Somers,0.02010374
20,2,Suzanne Somers,0.04374972
20,3,Suzanne Somers,0.050384898
20,4,Suzanne Somers,0.05112041
20,5,Suzanne Somers,0.010551519
20,1,Willow Shields,0.02048837
20,2,Willow Shields,0.033173267
20,3,Willow Shields,0.031613965
20,4,Willow Shields,0.03800848
20,5,Willow Shields,0.043591287
20,6,Willow Shields,0.04393532
20,7,Willow Shields,0.0161333
20,1,Riker Lynch,0.4752795
20,2,Riker Lynch,0.31949398
20,3,Riker Lynch,0.3353137
20,4,Riker Lynch,0.30434948
20,5,Riker Lynch,0.3067648
20,6,Riker Lynch,0.33379793
20,7,Riker Lynch,0.2974705
20,8,Riker Lynch,0.35188085
20,9,Riker Lynch,0.38309002
20,10,Riker Lynch,0.44333103
20,1,Rumer Willis,0.2009977
20,2,Rumer Willis,0.18406448
20,3,Rumer Willis,0.18506375
20,4,Rumer Willis,0.18557653
20,5,Rumer Willis,0.19847453
20,6,Rumer Willis,0.20475757
20,7,Rumer Willis,0.20861644
20,8,Rumer Willis,0.24726994
20,9,Rumer Willis,0.27392673
20,10,Rumer Willis,0.32237136
20,1,Nastia Liukin,0.09290279
20,2,Nastia Liukin,0.104558684
20,3,Nastia Liukin,0.10133455
20,4,Nastia Liukin,0.10771794
20,5,Nastia Liukin,0.11141029
20,6,Nastia Liukin,0.12010491
20,7,Nastia Liukin,0.12674713
20,8,Nastia Liukin,0.12438467
20,9,Nastia Liukin,0.11144253
20,1,Michael Sam,0.02003168
20,2,Michael Sam,0.03852092
20,3,Michael Sam,0.032181166
20,4,Michael Sam,0.007967098
20,1,Robert Herjavec,0.01686131
20,2,Robert Herjavec,0.03606789
20,3,Robert Herjavec,0.038331356
20,4,Robert Herjavec,0.052079145
20,5,Robert Herjavec,0.074618064
20,6,Robert Herjavec,0.07439085
20,7,Robert Herjavec,0.09448104
20,8,Robert Herjavec,0.05108046
20,1,Charlotte McKinney,0.008875224
20,2,Charlotte McKinney,0.023536
20,3,Charlotte McKinney,0.006353394
20,1,Noah Galloway,0.09692432
20,2,Noah Galloway,0.11563995
20,3,Noah Galloway,0.11617654
20,4,Noah Galloway,0.12613684
20,5,Noah Galloway,0.13317785
20,6,Noah Galloway,0.13998973
20,7,Noah Galloway,0.16183026
20,8,Noah Galloway,0.18364061
20,9,Noah Galloway,0.23154068
20,10,Noah Galloway,0.23429757
20,1,Redfoo,0.004999997
20,2,Redfoo,0.005961205
20,1,Patti LaBelle,0.011627869
20,2,Patti LaBelle,0.038153622
20,3,Patti LaBelle,0.055553243
20,4,Patti LaBelle,0.06173696
20,5,Patti LaBelle,0.053871468
20,6,Patti LaBelle,0.012504829
20,1,Chris Soules,0.030907536
20,2,Chris Soules,0.057080276
20,3,Chris Soules,0.047693398
20,4,Chris Soules,0.06530719
20,5,Chris Soules,0.06754012
20,6,Chris Soules,0.07051891
20,7,Chris Soules,0.09472129
20,8,Chris Soules,0.0417435
21,1,Gary Busey,0.016129354
21,2,Gary Busey,0.07011177
21,3,Gary Busey,0.014550748
21,4,Gary Busey,0.005996486
21,1,Alexa PenaVega,0.019786052
21,2,Alexa PenaVega,0.050253816
21,3,Alexa PenaVega,0.024102211
21,4,Alexa PenaVega,0.031393964
21,5,Alexa PenaVega,0.025124893
21,6,Alexa PenaVega,0.043141138
21,7,Alexa PenaVega,0.0646488
21,8,Alexa PenaVega,0.055537555
21,9,Alexa PenaVega,0.037153408
21,1,Carlos PenaVega,0.045534737
21,2,Carlos PenaVega,0.09197845
21,3,Carlos PenaVega,0.05965195
21,4,Carlos PenaVega,0.068527326
21,5,Carlos PenaVega,0.06221302
21,6,Carlos PenaVega,0.08222147
21,7,Carlos PenaVega,0.11205724
21,8,Carlos PenaVega,0.12227822
21,9,Carlos PenaVega,0.14537801
21,10,Carlos PenaVega,0.12669419
21,11,Carlos PenaVega,0.10927208
21,1,Victor Espinoza,0.0047411574
21,2,Victor Espinoza,0.006264775
21,1,Alek Skarlatos,0.759594
21,2,Alek Skarlatos,0.31889668
21,3,Alek Skarlatos,0.5292198
21,4,Alek Skarlatos,0.4138355
21,5,Alek Skarlatos,0.41689038
21,6,Alek Skarlatos,0.3335104
21,7,Alek Skarlatos,0.2660426
21,8,Alek Skarlatos,0.2689361
21,9,Alek Skarlatos,0.28386316
21,10,Alek Skarlatos,0.35112426
21,11,Alek Skarlatos,0.36507788
21,1,Chaka Khan,0.002934028
21,2,Chaka Khan,0.0063671246
21,1,Andy Grammer,0.017281363
21,2,Andy Grammer,0.053937238
21,3,Andy Grammer,0.022707451
21,4,Andy Grammer,0.026475461
21,5,Andy Grammer,0.01930963
21,6,Andy Grammer,0.028909957
21,7,Andy Grammer,0.049902055
21,8,Andy Grammer,0.016524367
21,1,Tamar Braxton,0.016153833
21,2,Tamar Braxton,0.043169938
21,3,Tamar Braxton,0.018148722
21,4,Tamar Braxton,0.020181214
21,5,Tamar Braxton,0.016586874
21,6,Tamar Braxton,0.030287625
21,7,Tamar Braxton,0.0629796
21,8,Tamar Braxton,0.056414697
21,9,Tamar Braxton,0.040858347
21,1,Nick Carter,0.03789455
21,2,Nick Carter,0.12715006
21,3,Nick Carter,0.19072582
21,4,Nick Carter,0.26394403
21,5,Nick Carter,0.32313403
21,6,Nick Carter,0.32347095
21,7,Nick Carter,0.26359
21,8,Nick Carter,0.30243206
21,9,Nick Carter,0.29109967
21,10,Nick Carter,0.28023508
21,11,Nick Carter,0.26847348
21,1,Hayes Grier,0.017036466
21,2,Hayes Grier,0.05177709
21,3,Hayes Grier,0.01980176
21,4,Hayes Grier,0.019827925
21,5,Hayes Grier,0.013448398
21,6,Hayes Grier,0.015826784
21,7,Hayes Grier,0.009864608
21,1,Bindi Irwin,0.048208416
21,2,Bindi Irwin,0.108136915
21,3,Bindi Irwin,0.092786215
21,4,Bindi Irwin,0.11318349
21,5,Bindi Irwin,0.11098194
21,6,Bindi Irwin,0.13594472
21,7,Bindi Irwin,0.1709151
21,8,Bindi Irwin,0.17787704
21,9,Bindi Irwin,0.20164739
21,10,Bindi Irwin,0.24194643
21,11,Bindi Irwin,0.25717655
21,1,Kim Zolciak-Biermann,0.0026936417
21,2,Kim Zolciak-Biermann,0.005144459
21,1,Paula Deen,0.012012347
21,2,Paula Deen,0.0668116
21,3,Paula Deen,0.028305253
21,4,Paula Deen,0.036634512
21,5,Paula Deen,0.012310933
21,6,Paula Deen,0.006687029
22,1,Mischa Barton,0.008628939
22,2,Mischa Barton,0.011454154
22,3,Mischa Barton,0.0047464888
22,1,Kim Fields,0.024001518
22,2,Kim Fields,0.029803
22,3,Kim Fields,0.038335353
22,4,Kim Fields,0.03936203
22,5,Kim Fields,0.02236166
22,6,Kim Fields,0.031114973
22,7,Kim Fields,0.016012194
22,1,Jodie Sweetin,0.02233336
22,2,Jodie Sweetin,0.0260063
22,3,Jodie Sweetin,0.037312787
22,4,Jodie Sweetin,0.0484657
22,5,Jodie Sweetin,0.028434379
22,6,Jodie Sweetin,0.046657775
22,7,Jodie Sweetin,0.07078956
22,8,Jodie Sweetin,0.024851885
22,1,Doug Flutie,0.015626451
22,2,Doug Flutie,0.028274298
22,3,Doug Flutie,0.04728225
22,4,Doug Flutie,0.054992016
22,5,Doug Flutie,0.014434689
22,6,Doug Flutie,0.006859707
22,1,Von Miller,0.030924696
22,2,Von Miller,0.033027325
22,3,Von Miller,0.043262616
22,4,Von Miller,0.04021342
22,5,Von Miller,0.022618521
22,6,Von Miller,0.031256385
22,7,Von Miller,0.016639698
22,1,Antonio Brown,0.0810024
22,2,Antonio Brown,0.11208732
22,3,Antonio Brown,0.12739266
22,4,Antonio Brown,0.1346962
22,5,Antonio Brown,0.11720025
22,6,Antonio Brown,0.14540596
22,7,Antonio Brown,0.15396531
22,8,Antonio Brown,0.15592507
22,9,Antonio Brown,0.13330851
22,1,Paige VanZant,0.6286686
22,2,Paige VanZant,0.48982972
22,3,Paige VanZant,0.35551733
22,4,Paige VanZant,0.3071621
22,5,Paige VanZant,0.3591143
22,6,Paige VanZant,0.30335528
22,7,Paige VanZant,0.25852084
22,8,Paige VanZant,0.2584868
22,9,Paige VanZant,0.2937774
22,10,Paige VanZant,0.4183328
22,1,Geraldo Rivera,0.001872597
22,2,Geraldo Rivera,0.0017363353
22,1,Nyle DiMarco,0.07173329
22,2,Nyle DiMarco,0.12478778
22,3,Nyle DiMarco,0.18357745
22,4,Nyle DiMarco,0.21950026
22,5,Nyle DiMarco,0.30217537
22,6,Nyle DiMarco,0.2680847
22,7,Nyle DiMarco,0.255413
22,8,Nyle DiMarco,0.26860693
22,9,Nyle DiMarco,0.27926543
22,10,Nyle DiMarco,0.33211392
22,1,Ginger Zee,0.07156186
22,2,Ginger Zee,0.09883659
22,3,Ginger Zee,0.113938436
22,4,Ginger Zee,0.12124414
22,5,Ginger Zee,0.115457416
22,6,Ginger Zee,0.13319834
22,7,Ginger Zee,0.15446982
22,8,Ginger Zee,0.19079861
22,9,Ginger Zee,0.23632963
22,10,Ginger Zee,0.24955335
22,1,Wanya Morris,0.02416836
22,2,Wanya Morris,0.020869642
22,3,Wanya Morris,0.026083158
22,4,Wanya Morris,0.027407989
22,5,Wanya Morris,0.018203491
22,6,Wanya Morris,0.03406692
22,7,Wanya Morris,0.074189566
22,8,Wanya Morris,0.10133072
22,9,Wanya Morris,0.057319034
22,1,Marla Maples,0.019478021
22,2,Marla Maples,0.023287667
22,3,Marla Maples,0.02255145
22,4,Marla Maples,0.0069560884
23,1,Jake T. Austin,0.00804031
23,2,Jake T. Austin,0.0043913005
23,1,Maureen McCormick,0.011015019
23,2,Maureen McCormick,0.02881974
23,3,Maureen McCormick,0.041864153
23,4,Maureen McCormick,0.056248285
23,5,Maureen McCormick,0.0240615
23,6,Maureen McCormick,0.030376328
23,7,Maureen McCormick,0.010244659
23,1,Marilu Henner,0.028592635
23,2,Marilu Henner,0.035541154
23,3,Marilu Henner,0.04335873
23,4,Marilu Henner,0.06459313
23,5,Marilu Henner,0.029697135
23,6,Marilu Henner,0.04694691
23,7,Marilu Henner,0.06853822
23,8,Marilu Henner,0.0752561
23,9,Marilu Henner,0.025532562
23,1,Ryan Lochte,0.024668315
23,2,Ryan Lochte,0.041941736
23,3,Ryan Lochte,0.050572656
23,4,Ryan Lochte,0.065183565
23,5,Ryan Lochte,0.030828787
23,6,Ryan Lochte,0.05125368
23,7,Ryan Lochte,0.051353205
23,8,Ryan Lochte,0.015640698
23,1,Calvin Johnson Jr.,0.26983243
23,2,Calvin Johnson Jr.,0.2968629
23,3,Calvin Johnson Jr.,0.31878015
23,4,Calvin Johnson Jr.,0.31591877
23,5,Calvin Johnson Jr.,0.5541696
23,6,Calvin Johnson Jr.,0.4195775
23,7,Calvin Johnson Jr.,0.37277347
23,8,Calvin Johnson Jr.,0.35523167
23,9,Calvin Johnson Jr.,0.3675045
23,10,Calvin Johnson Jr.,0.34084442
23,11,Calvin Johnson Jr.,0.36041358
23,1,Laurie Hernandez,0.339079
23,2,Laurie Hernandez,0.24146815
23,3,Laurie Hernandez,0.19057478
23,4,Laurie Hernandez,0.17207098
23,5,Laurie Hernandez,0.16233122
23,6,Laurie Hernandez,0.18956803
23,7,Laurie Hernandez,0.19263597
23,8,Laurie Hernandez,0.20968266
23,9,Laurie Hernandez,0.242957
23,10,Laurie Hernandez,0.2745437
23,11,Laurie Hernandez,0.29748055
23,1,Amber Rose,0.01616024
23,2,Amber Rose,0.035973076
23,3,Amber Rose,0.04777568
23,4,Amber Rose,0.052122846
23,5,Amber Rose,0.012642169
23,6,Amber Rose,0.0064995782
23,1,Rick Perry,0.008331802
23,2,Rick Perry,0.014785171
23,3,Rick Perry,0.0055514597
23,1,James Hinchcliffe,0.2011731
23,2,James Hinchcliffe,0.14229971
23,3,James Hinchcliffe,0.11685041
23,4,James Hinchcliffe,0.107905746
23,5,James Hinchcliffe,0.092052095
23,6,James Hinchcliffe,0.114064656
23,7,James Hinchcliffe,0.13182364
23,8,James Hinchcliffe,0.15041061
23,9,James Hinchcliffe,0.16277258
23,10,James Hinchcliffe,0.19580352
23,11,James Hinchcliffe,0.22927843
23,1,Babyface,0.020671632
23,2,Babyface,0.030017002
23,3,Babyface,0.02941295
23,4,Babyface,0.009793611
23,1,Vanilla Ice,0.024938505
23,2,Vanilla Ice,0.03592734
23,3,Vanilla Ice,0.033014692
23,4,Vanilla Ice,0.008305845
23,1,Jana Kramer,0.032500662
23,2,Jana Kramer,0.06863925
23,3,Jana Kramer,0.09001924
23,4,Jana Kramer,0.09998066
23,5,Jana Kramer,0.06774869
23,6,Jana Kramer,0.093300715
23,7,Jana Kramer,0.11050723
23,8,Jana Kramer,0.116420776
23,9,Jana Kramer,0.13339897
23,10,Jana Kramer,0.147928
23,11,Jana Kramer,0.11282745
23,1,Terra Jole,0.014996407
23,2,Terra Jole,0.023333468
23,3,Terra Jole,0.03222502
23,4,Terra Jole,0.047876563
23,5,Terra Jole,0.026468825
23,6,Terra Jole,0.048412554
23,7,Terra Jole,0.06212357
23,8,Terra Jole,0.077357456
23,9,Terra Jole,0.06783439
23,10,Terra Jole,0.04088038
24,1,Charo,0.014394936
24,2,Charo,0.016287832
24,3,Charo,0.0057992814
24,1,Mr. T,0.0140793845
24,2,Mr. T,0.027648315
24,3,Mr. T,0.023953376
24,4,Mr. T,0.0071893423
24,1,Heather Morris,0.02415714
24,2,Heather Morris,0.0300412
24,3,Heather Morris,0.03345294
24,4,Heather Morris,0.041160025
24,5,Heather Morris,0.04345162
24,6,Heather Morris,0.014864732
24,1,Nancy Kerrigan,0.017028045
24,2,Nancy Kerrigan,0.027775249
24,3,Nancy Kerrigan,0.033185802
24,4,Nancy Kerrigan,0.04538194
24,5,Nancy Kerrigan,0.057013012
24,6,Nancy Kerrigan,0.07173431
24,7,Nancy Kerrigan,0.026754964
24,1,Bonner Bolton,0.016846193
24,2,Bonner Bolton,0.031500187
24,3,Bonner Bolton,0.047770012
24,4,Bonner Bolton,0.052776523
24,5,Bonner Bolton,0.07179901
24,6,Bonner Bolton,0.09065003
24,7,Bonner Bolton,0.106678955
24,8,Bonner Bolton,0.047538288
24,1,Simone Biles,0.09068751
24,2,Simone Biles,0.099481024
24,3,Simone Biles,0.099888936
24,4,Simone Biles,0.1076913
24,5,Simone Biles,0.12226484
24,6,Simone Biles,0.13371125
24,7,Simone Biles,0.13402326
24,8,Simone Biles,0.119532906
24,9,Simone Biles,0.104992665
24,1,David Ross,0.6377013
24,2,David Ross,0.46692935
24,3,David Ross,0.4041669
24,4,David Ross,0.34383774
24,5,David Ross,0.29979444
24,6,David Ross,0.253612
24,7,David Ross,0.29485905
24,8,David Ross,0.356326
24,9,David Ross,0.35832018
24,10,David Ross,0.40008888
24,1,Rashad Jennings,0.098757185
24,2,Rashad Jennings,0.15094113
24,3,Rashad Jennings,0.16612513
24,4,Rashad Jennings,0.20254715
24,5,Rashad Jennings,0.20811334
24,6,Rashad Jennings,0.21511361
24,7,Rashad Jennings,0.25367087
24,8,Rashad Jennings,0.29487547
24,9,Rashad Jennings,0.3126157
24,10,Rashad Jennings,0.3592775
24,1,Chris Kattan,0.007452383
24,2,Chris Kattan,0.0043809977
24,1,Erika Jayne,0.014151285
24,2,Erika Jayne,0.03134792
24,3,Erika Jayne,0.04434275
24,4,Erika Jayne,0.038407214
24,5,Erika Jayne,0.010251937
24,1,Normani,0.044710644
24,2,Normani,0.07509745
24,3,Normani,0.092647694
24,4,Normani,0.10506924
24,5,Normani,0.12163031
24,6,Normani,0.13619234
24,7,Normani,0.15105696
24,8,Normani,0.1817273
24,9,Normani,0.2240715
24,10,Normani,0.24063368
24,1,Nick Viall,0.020033995
24,2,Nick Viall,0.0385695
24,3,Nick Viall,0.04866715
24,4,Nick Viall,0.05593947
24,5,Nick Viall,0.065681554
24,6,Nick Viall,0.084121674
24,7,Nick Viall,0.032955855
25,1,Sasha Pieterse,0.01795393
25,2,Sasha Pieterse,0.04094529
25,3,Sasha Pieterse,0.012987253
25,4,Sasha Pieterse,0.015791133
25,5,Sasha Pieterse,0.006164812
25,1,Frankie Muniz,0.23680212
25,2,Frankie Muniz,0.26697406
25,3,Frankie Muniz,0.60018957
25,4,Frankie Muniz,0.41881287
25,5,Frankie Muniz,0.3721765
25,6,Frankie Muniz,0.3949462
25,7,Frankie Muniz,0.34947103
25,8,Frankie Muniz,0.35013106
25,9,Frankie Muniz,0.3366091
25,10,Frankie Muniz,0.34762472
25,1,Jordan Fisher,0.43038866
25,2,Jordan Fisher,0.19220205
25,3,Jordan Fisher,0.13903114
25,4,Jordan Fisher,0.1701222
25,5,Jordan Fisher,0.17752278
25,6,Jordan Fisher,0.19670878
25,7,Jordan Fisher,0.19251327
25,8,Jordan Fisher,0.22632381
25,9,Jordan Fisher,0.25659236
25,10,Jordan Fisher,0.29126745
25,1,Derek Fisher,0.022069683
25,2,Derek Fisher,0.05017596
25,3,Derek Fisher,0.010241476
25,4,Derek Fisher,0.006354242
25,1,Nikki Bella,0.021054972
25,2,Nikki Bella,0.051624484
25,3,Nikki Bella,0.019981215
25,4,Nikki Bella,0.035760522
25,5,Nikki Bella,0.03929599
25,6,Nikki Bella,0.029964477
25,7,Nikki Bella,0.017276531
25,1,Terrell Owens,0.01669133
25,2,Terrell Owens,0.049363874
25,3,Terrell Owens,0.020186497
25,4,Terrell Owens,0.039423857
25,5,Terrell Owens,0.047993623
25,6,Terrell Owens,0.045590248
25,7,Terrell Owens,0.07290901
25,8,Terrell Owens,0.023681644
25,1,Victoria Arlen,0.02226218
25,2,Victoria Arlen,0.041076854
25,3,Victoria Arlen,0.015981615
25,4,Victoria Arlen,0.029802104
25,5,Victoria Arlen,0.04113182
25,6,Victoria Arlen,0.047319327
25,7,Victoria Arlen,0.06883104
25,8,Victoria Arlen,0.07948313
25,9,Victoria Arlen,0.04231024
25,1,Barbara Corcoran,0.0031873663
25,2,Barbara Corcoran,0.0037927986
25,1,Lindsey Stirling,0.1597385
25,2,Lindsey Stirling,0.12375056
25,3,Lindsey Stirling,0.08494365
25,4,Lindsey Stirling,0.11191319
25,5,Lindsey Stirling,0.12261908
25,6,Lindsey Stirling,0.13777022
25,7,Lindsey Stirling,0.15100762
25,8,Lindsey Stirling,0.1651685
25,9,Lindsey Stirling,0.19531187
25,10,Lindsey Stirling,0.23894586
25,1,Debbie Gibson,0.0050646784
25,2,Debbie Gibson,0.0053436505
25,1,Nick Lachey,0.018491698
25,2,Nick Lachey,0.053795494
25,3,Nick Lachey,0.022846531
25,4,Nick Lachey,0.043139007
25,5,Nick Lachey,0.042372495
25,6,Nick Lachey,0.009839115
25,1,Drew Scott,0.023922233
25,2,Drew Scott,0.07940223
25,3,Drew Scott,0.054189656
25,4,Drew Scott,0.090664536
25,5,Drew Scott,0.10561146
25,6,Drew Scott,0.11193306
25,7,Drew Scott,0.13510609
25,8,Drew Scott,0.15521188
25,9,Drew Scott,0.16917652
25,10,Drew Scott,0.12216196
25,1,Vanessa Lachey,0.022372717
25,2,Vanessa Lachey,0.04155271
25,3,Vanessa Lachey,0.019421384
25,4,Vanessa Lachey,0.03821634
25,5,Vanessa Lachey,0.045111526
25,6,Vanessa Lachey,0.025928685
25,7,Vanessa Lachey,0.012885458
26,1,Jamie Anderson,0.007119575
26,1,Johnny Damon,0.009099915
26,1,Kareem Abdul-Jabbar,0.06091482
26,2,Kareem Abdul-Jabbar,0.02087251
26,1,Arike Ogunbowale,0.042353477
26,2,Arike Ogunbowale,0.012463865
26,1,Jennie Finch Daigle,0.10241135
26,2,Jennie Finch Daigle,0.113158576
26,3,Jennie Finch Daigle,0.074147925
26,1,Chris Mazdzer,0.057593863
26,2,Chris Mazdzer,0.06305141
26,3,Chris Mazdzer,0.03856744
26,1,Mirai Nagasu,0.04429459
26,2,Mirai Nagasu,0.048856616
26,3,Mirai Nagasu,0.030706123
26,1,Tonya Harding,0.33103526
26,2,Tonya Harding,0.43377763
26,3,Tonya Harding,0.5590548
26,4,Tonya Harding,0.60822695
26,1,Josh Norman,0.2284856
26,2,Josh Norman,0.20173627
26,3,Josh Norman,0.19320984
26,4,Josh Norman,0.25991198
26,1,Adam Rippon,0.11669161
26,2,Adam Rippon,0.10608313
26,3,Adam Rippon,0.10431391
26,4,Adam Rippon,0.13186109
27,1,Juan Pablo Di Pace,0.04018652
27,2,Juan Pablo Di Pace,0.024930198
27,3,Juan Pablo Di Pace,0.023982916
27,4,Juan Pablo Di Pace,0.029391455
27,5,Juan Pablo Di Pace,0.016643355
27,6,Juan Pablo Di Pace,0.033072285
27,7,Juan Pablo Di Pace,0.059932508
27,8,Juan Pablo Di Pace,0.033810172
27,1,Evanna Lynch,0.17125209
27,2,Evanna Lynch,0.29864195
27,3,Evanna Lynch,0.35678512
27,4,Evanna Lynch,0.36666068
27,5,Evanna Lynch,0.5623466
27,6,Evanna Lynch,0.3752002
27,7,Evanna Lynch,0.32074484
27,8,Evanna Lynch,0.34900442
27,9,Evanna Lynch,0.39027885
27,1,Nancy McKeon,0.04753816
27,2,Nancy McKeon,0.025567291
27,3,Nancy McKeon,0.00597412
27,1,John Schneider,0.041992836
27,2,John Schneider,0.039853062
27,3,John Schneider,0.04820434
27,4,John Schneider,0.051126897
27,5,John Schneider,0.026564023
27,6,John Schneider,0.05570189
27,7,John Schneider,0.017136728
27,1,Milo Manheim,0.28801003
27,2,Milo Manheim,0.24915846
27,3,Milo Manheim,0.1990614
27,4,Milo Manheim,0.17900963
27,5,Milo Manheim,0.16017132
27,6,Milo Manheim,0.19107473
27,7,Milo Manheim,0.20010978
27,8,Milo Manheim,0.23011632
27,9,Milo Manheim,0.28537872
27,1,Danelle Umstead,0.016551252
27,2,Danelle Umstead,0.0040233773
27,1,Mary Lou Retton,0.04256021
27,2,Mary Lou Retton,0.03439056
27,3,Mary Lou Retton,0.03321675
27,4,Mary Lou Retton,0.02484055
27,5,Mary Lou Retton,0.008021757
27,6,Mary Lou Retton,0.006072768
27,1,DeMarcus Ware,0.049968824
27,2,DeMarcus Ware,0.034408357
27,3,DeMarcus Ware,0.03487004
27,4,DeMarcus Ware,0.040221445
27,5,DeMarcus Ware,0.01785849
27,6,DeMarcus Ware,0.026705466
27,7,DeMarcus Ware,0.01349752
27,1,Nikki Glaser,0.004914635
27,1,Bobby Bones,0.13105135
27,2,Bobby Bones,0.13850735
27,3,Bobby Bones,0.14263293
27,4,Bobby Bones,0.14599416
27,5,Bobby Bones,0.121537045
27,6,Bobby Bones,0.1609276
27,7,Bobby Bones,0.18655518
27,8,Bobby Bones,0.2127173
27,9,Bobby Bones,0.20434742
27,1,Tinashe,0.03455158
27,2,Tinashe,0.02289105
27,3,Tinashe,0.016255232
27,4,Tinashe,0.0074517853
27,1,Alexis Ren,0.08333365
27,2,Alexis Ren,0.07758082
27,3,Alexis Ren,0.078551576
27,4,Alexis Ren,0.079993494
27,5,Alexis Ren,0.058309887
27,6,Alexis Ren,0.09196691
27,7,Alexis Ren,0.116703756
27,8,Alexis Ren,0.13208386
27,9,Alexis Ren,0.11999495
27,1,Joe Amabile,0.0480888
27,2,Joe Amabile,0.05004756
27,3,Joe Amabile,0.060465585
27,4,Joe Amabile,0.075309925
27,5,Joe Amabile,0.02854759
27,6,Joe Amabile,0.059278194
27,7,Joe Amabile,0.085319646
27,8,Joe Amabile,0.042267933
28,1,Kate Flannery,0.008281214
28,2,Kate Flannery,0.009734303
28,3,Kate Flannery,0.0044959076
28,4,Kate Flannery,0.0030244205
28,5,Kate Flannery,0.003229079
28,6,Kate Flannery,0.0022634983
28,7,Kate Flannery,0.15502658
28,8,Kate Flannery,0.063208595
28,1,James Van Der Beek,0.02121623
28,2,James Van Der Beek,0.013128719
28,3,James Van Der Beek,0.005006439
28,4,James Van Der Beek,0.0029724455
28,5,James Van Der Beek,0.002871623
28,6,James Van Der Beek,0.0016946272
28,7,James Van Der Beek,0.011567075
28,8,James Van Der Beek,0.020792838
28,9,James Van Der Beek,0.018817605
28,10,James Van Der Beek,0.021776821
28,1,Kel Mitchell,0.73116183
28,2,Kel Mitchell,0.54963577
28,3,Kel Mitchell,0.7514015
28,4,Kel Mitchell,0.6986797
28,5,Kel Mitchell,0.45467582
28,6,Kel Mitchell,0.05995078
28,7,Kel Mitchell,0.031508856
28,8,Kel Mitchell,0.049084973
28,9,Kel Mitchell,0.109060116
28,10,Kel Mitchell,0.19011265
28,11,Kel Mitchell,0.26514933
28,1,Ray Lewis,0.02095074
28,2,Ray Lewis,0.02188101
28,1,Lamar Odom,0.022827396
28,2,Lamar Odom,0.10300249
28,3,Lamar Odom,0.023423927
28,4,Lamar Odom,0.01412162
28,1,Sailor Brinkley-Cook,0.014917471
28,2,Sailor Brinkley-Cook,0.013392053
28,3,Sailor Brinkley-Cook,0.0050852695
28,4,Sailor Brinkley-Cook,0.0030632115
28,5,Sailor Brinkley-Cook,0.0027087578
28,6,Sailor Brinkley-Cook,0.0015037487
28,1,Sean Spicer,0.0128155835
28,2,Sean Spicer,0.014427513
28,3,Sean Spicer,0.009812402
28,4,Sean Spicer,0.013154279
28,5,Sean Spicer,0.035749365
28,6,Sean Spicer,0.17079163
28,7,Sean Spicer,0.21794613
28,8,Sean Spicer,0.28147402
28,9,Sean Spicer,0.06690615
28,1,Mary Wilson,0.017032886
28,2,Mary Wilson,0.026232509
28,1,Lauren Alaina,0.05682365
28,2,Lauren Alaina,0.11220051
28,3,Lauren Alaina,0.096198
28,4,Lauren Alaina,0.12197902
28,5,Lauren Alaina,0.1757196
28,6,Lauren Alaina,0.113236524
28,7,Lauren Alaina,0.1986388
28,8,Lauren Alaina,0.24737345
28,9,Lauren Alaina,0.51336044
28,10,Lauren Alaina,0.5109205
28,11,Lauren Alaina,0.43911147
28,1,Ally Brooke,0.03754358
28,2,Ally Brooke,0.07058693
28,3,Ally Brooke,0.059140585
28,4,Ally Brooke,0.07923082
28,5,Ally Brooke,0.16278583
28,6,Ally Brooke,0.16086216
28,7,Ally Brooke,0.18100584
28,8,Ally Brooke,0.20928524
28,9,Ally Brooke,0.21046585
28,10,Ally Brooke,0.20827398
28,11,Ally Brooke,0.22490712
28,1,Karamo Brown,0.018536357
28,2,Karamo Brown,0.017718358
28,3,Karamo Brown,0.011470946
28,4,Karamo Brown,0.016016945
28,5,Karamo Brown,0.042928264
28,6,Karamo Brown,0.21056046
28,7,Karamo Brown,0.048811518
28,1,Hannah Brown,0.03789309
28,2,Hannah Brown,0.048059843
28,3,Hannah Brown,0.03396503
28,4,Hannah Brown,0.04775761
28,5,Hannah Brown,0.11933168
28,6,Hannah Brown,0.2791366
28,7,Hannah Brown,0.15549518
28,8,Hannah Brown,0.12878089
28,9,Hannah Brown,0.08138992
28,10,Hannah Brown,0.068916
28,11,Hannah Brown,0.070832096
29,1,Anne Heche,0.008397783
29,2,Anne Heche,0.0068413964
29,3,Anne Heche,0.009342045
29,4,Anne Heche,0.027408695
29,1,Jesse Metcalfe,0.010678513
29,2,Jesse Metcalfe,0.010101981
29,3,Jesse Metcalfe,0.018650012
29,4,Jesse Metcalfe,0.09031447
29,5,Jesse Metcalfe,0.029456092
29,1,Chrishell Stause,0.0037129286
29,2,Chrishell Stause,0.004213279
29,3,Chrishell Stause,0.008131702
29,4,Chrishell Stause,0.030098299
29,5,Chrishell Stause,0.091941215
29,6,Chrishell Stause,0.02939593
29,7,Chrishell Stause,0.021487277
29,8,Chrishell Stause,0.03549125
29,1,Skai Jackson,0.00803393
29,2,Skai Jackson,0.005039156
29,3,Skai Jackson,0.00629027
29,4,Skai Jackson,0.019503
29,5,Skai Jackson,0.027320588
29,6,Skai Jackson,0.09601715
29,7,Skai Jackson,0.05344457
29,8,Skai Jackson,0.17635036
29,9,Skai Jackson,0.05263137
29,10,Skai Jackson,0.04996376
29,1,Justina Machado,0.16491777
29,2,Justina Machado,0.44352636
29,3,Justina Machado,0.5723616
29,4,Justina Machado,0.2584026
29,5,Justina Machado,0.43812773
29,6,Justina Machado,0.43846798
29,7,Justina Machado,0.4209519
29,8,Justina Machado,0.16631632
29,9,Justina Machado,0.25876257
29,10,Justina Machado,0.32662353
29,11,Justina Machado,0.3593668
29,1,Charles Oakley,0.0029498453
29,2,Charles Oakley,0.0026631318
29,1,Veron Davis,0.0062833093
29,2,Veron Davis,0.004947677
29,3,Veron Davis,0.006862374
29,4,Veron Davis,0.016725423
29,5,Veron Davis,0.012591247
29,6,Veron Davis,0.027513133
29,1,Johnny Weir,0.005686556
29,2,Johnny Weir,0.00428629
29,3,Johnny Weir,0.006005879
29,4,Johnny Weir,0.01538551
29,5,Johnny Weir,0.010045834
29,6,Johnny Weir,0.0075486912
29,7,Johnny Weir,0.010793333
29,8,Johnny Weir,0.024536295
29,9,Johnny Weir,0.03125726
29,10,Johnny Weir,0.058860917
29,1,Nev Schulman,0.7415147
29,2,Nev Schulman,0.46350557
29,3,Nev Schulman,0.26704317
29,4,Nev Schulman,0.14420152
29,5,Nev Schulman,0.12460261
29,6,Nev Schulman,0.10974866
29,7,Nev Schulman,0.10111143
29,8,Nev Schulman,0.09074825
29,9,Nev Schulman,0.0821037
29,10,Nev Schulman,0.15154004
29,11,Nev Schulman,0.23243415
29,1,AJ McLean,0.0070189927
29,2,AJ McLean,0.0051129526
29,3,AJ McLean,0.0065942714
29,4,AJ McLean,0.016961742
29,5,AJ McLean,0.013212753
29,6,AJ McLean,0.01695437
29,7,AJ McLean,0.028376998
29,8,AJ McLean,0.10400034
29,9,AJ McLean,0.08421911
29,1,Nelly,0.013151378
29,2,Nelly,0.020290589
29,3,Nelly,0.043987352
29,4,Nelly,0.14208287
29,5,Nelly,0.11744953
29,6,Nelly,0.12878765
29,7,Nelly,0.22672494
29,8,Nelly,0.30104306
29,9,Nelly,0.34882426
29,10,Nelly,0.2632511
29,11,Nelly,0.23031852
29,1,Kaitlyn Bristowe,0.009966596
29,2,Kaitlyn Bristowe,0.013256112
29,3,Kaitlyn Bristowe,0.022981815
29,4,Kaitlyn Bristowe,0.057925235
29,5,Kaitlyn Bristowe,0.08867607
29,6,Kaitlyn Bristowe,0.10923215
29,7,Kaitlyn Bristowe,0.09802705
29,8,Kaitlyn Bristowe,0.10151416
29,9,Kaitlyn Bristowe,0.14220177
29,10,Kaitlyn Bristowe,0.14976059
29,11,Kaitlyn Bristowe,0.17788056
29,1,Carole Baskin,0.0017011148
29,2,Carole Baskin,0.0018068686
29,3,Carole Baskin,0.0025441856
29,1,Monica Aldama,0.008817415
29,2,Monica Aldama,0.0056887534
29,3,Monica Aldama,0.0071757706
29,4,Monica Aldama,0.017941963
29,5,Monica Aldama,0.012719911
29,6,Monica Aldama,0.012682416
29,7,Monica Aldama,0.011692996
29,1,Jeannie Mai,0.0071692388
29,2,Jeannie Mai,0.008719818
29,3,Jeannie Mai,0.022029571
29,4,Jeannie Mai,0.16304876
29,5,Jeannie Mai,0.033856507
29,6,Jeannie Mai,0.023651926
29,7,Jeannie Mai,0.027389577
30,1,Martin Kove,0.0022451752
30,2,Martin Kove,0.0026395493
30,1,Brian Austin Green,0.01656805
30,2,Brian Austin Green,0.02959804
30,3,Brian Austin Green,0.15656365
30,4,Brian Austin Green,0.020610744
30,1,Melora Hardin,0.0068372255
30,2,Melora Hardin,0.006402301
30,3,Melora Hardin,0.008747085
30,4,Melora Hardin,0.0018910532
30,5,Melora Hardin,0.0016512355
30,6,Melora Hardin,0.0020689124
30,7,Melora Hardin,0.006399504
30,8,Melora Hardin,0.023410315
30,9,Melora Hardin,0.056702163
30,1,Matt James,0.019178838
30,2,Matt James,0.02509071
30,3,Matt James,0.085558
30,4,Matt James,0.0157366
30,1,"Mike ""The Miz"" Mizanin",0.012134436
30,2,"Mike ""The Miz"" Mizanin",0.009529751
30,3,"Mike ""The Miz"" Mizanin",0.012048332
30,4,"Mike ""The Miz"" Mizanin",0.020241672
30,5,"Mike ""The Miz"" Mizanin",0.1889061
30,6,"Mike ""The Miz"" Mizanin",0.027487885
30,7,"Mike ""The Miz"" Mizanin",0.023010368
30,1,Suni Lee,0.011943641
30,2,Suni Lee,0.00850782
30,3,Suni Lee,0.009053197
30,4,Suni Lee,0.0018660438
30,5,Suni Lee,0.001640561
30,6,Suni Lee,0.002041661
30,7,Suni Lee,0.005433178
30,8,Suni Lee,0.018392095
30,9,Suni Lee,0.0414095
30,1,Iman Shumpert,0.07383604
30,2,Iman Shumpert,0.36499223
30,3,Iman Shumpert,0.22363076
30,4,Iman Shumpert,0.71280336
30,5,Iman Shumpert,0.27504352
30,6,Iman Shumpert,0.7479875
30,7,Iman Shumpert,0.64642656
30,8,Iman Shumpert,0.21840775
30,9,Iman Shumpert,0.16741122
30,10,Iman Shumpert,0.2058083
30,1,Cody Rigsby,0.1478861
30,2,Cody Rigsby,0.2488286
30,3,Cody Rigsby,0.27701956
30,4,Cody Rigsby,0.15015152
30,5,Cody Rigsby,0.24724019
30,6,Cody Rigsby,0.14984562
30,7,Cody Rigsby,0.22356616
30,8,Cody Rigsby,0.40131956
30,9,Cody Rigsby,0.3527704
30,10,Cody Rigsby,0.2944407
30,1,Melanie C,0.007379553
30,2,Melanie C,0.0071687447
30,3,Melanie C,0.009120163
30,4,Melanie C,0.0019631772
30,5,Melanie C,0.0018111224
30,1,Jimmie Allen,0.009020275
30,2,Jimmie Allen,0.02127027
30,3,Jimmie Allen,0.119251415
30,4,Jimmie Allen,0.03559117
30,5,Jimmie Allen,0.1386075
30,6,Jimmie Allen,0.02130638
30,7,Jimmie Allen,0.01696807
30,8,Jimmie Allen,0.021592863
30,1,Olivia Jade,0.010935528
30,2,Olivia Jade,0.008596739
30,3,Olivia Jade,0.010942192
30,4,Olivia Jade,0.010739268
30,5,Olivia Jade,0.04879726
30,6,Olivia Jade,0.015401966
30,7,Olivia Jade,0.02229371
30,8,Olivia Jade,0.053037878
30,1,JoJo Siwa,0.65277886
30,2,JoJo Siwa,0.23113687
30,3,JoJo Siwa,0.015694099
30,4,JoJo Siwa,0.002680106
30,5,JoJo Siwa,0.002019141
30,6,JoJo Siwa,0.00478492
30,7,JoJo Siwa,0.021886395
30,8,JoJo Siwa,0.0902592
30,9,JoJo Siwa,0.14959686
30,10,JoJo Siwa,0.21172246
30,1,Christine Chiu,0.005980765
30,2,Christine Chiu,0.007607457
30,3,Christine Chiu,0.013242736
30,1,Kenya Moore,0.010901712
30,2,Kenya Moore,0.016297888
30,3,Kenya Moore,0.04761709
30,4,Kenya Moore,0.023375943
30,5,Kenya Moore,0.09226046
30,6,Kenya Moore,0.023007529
30,1,Amanda Kloots,0.012373762
30,2,Amanda Kloots,0.01233299
30,3,Amanda Kloots,0.011511637
30,4,Amanda Kloots,0.0023493064
30,5,Amanda Kloots,0.0020229267
30,6,Amanda Kloots,0.006067583
30,7,Amanda Kloots,0.034016013
30,8,Amanda Kloots,0.17358038
30,9,Amanda Kloots,0.23210986
30,10,Amanda Kloots,0.2880286
31,1,Jason Lewis,0.018583253
31,1,Cheryl Ladd,0.021408416
31,2,Cheryl Ladd,0.06690309
31,3,Cheryl Ladd,0.021645356
31,1,Selma Blair,0.015961736
31,2,Selma Blair,0.008184111
31,3,Selma Blair,0.0051683164
31,4,Selma Blair,0.0021363327
31,5,Selma Blair,0.0011035455
31,1,Joseph Baena,0.010779668
31,2,Joseph Baena,0.0050838087
31,3,Joseph Baena,0.005665588
31,4,Joseph Baena,0.0038417794
31,5,Joseph Baena,0.003258749
31,1,Trevor Donovan,0.009869345
31,2,Trevor Donovan,0.009668346
31,3,Trevor Donovan,0.014681973
31,4,Trevor Donovan,0.026560755
31,5,Trevor Donovan,0.11741083
31,6,Trevor Donovan,0.04570696
31,7,Trevor Donovan,0.023021307
31,8,Trevor Donovan,0.014735275
31,9,Trevor Donovan,0.018633628
31,1,Daniel Durant,0.013007481
31,2,Daniel Durant,0.010585093
31,3,Daniel Durant,0.016582942
31,4,Daniel Durant,0.033169217
31,5,Daniel Durant,0.1952648
31,6,Daniel Durant,0.053281277
31,7,Daniel Durant,0.022940917
31,8,Daniel Durant,0.014108061
31,9,Daniel Durant,0.018139316
31,1,Wayne Brady,0.4375202
31,2,Wayne Brady,0.578227
31,3,Wayne Brady,0.5956167
31,4,Wayne Brady,0.029153574
31,5,Wayne Brady,0.0013353061
31,6,Wayne Brady,0.09294621
31,7,Wayne Brady,0.3910356
31,8,Wayne Brady,0.42020875
31,9,Wayne Brady,0.34742633
31,10,Wayne Brady,0.31473374
31,1,Sam Champion,0.007592726
31,2,Sam Champion,0.0057453644
31,3,Sam Champion,0.0048196777
31,4,Sam Champion,0.0036426836
31,1,Jessie James Decker,0.0068482403
31,2,Jessie James Decker,0.008536245
31,3,Jessie James Decker,0.015299528
31,4,Jessie James Decker,0.0318391
31,5,Jessie James Decker,0.15407571
31,6,Jessie James Decker,0.04879148
31,1,Jordin Sparks,0.0105866315
31,2,Jordin Sparks,0.009892146
31,3,Jordin Sparks,0.01585822
31,4,Jordin Sparks,0.032157365
31,5,Jordin Sparks,0.15471072
31,6,Jordin Sparks,0.04629085
31,7,Jordin Sparks,0.035753023
31,1,Heidi D'Amelio,0.00846846
31,2,Heidi D'Amelio,0.0078902235
31,3,Heidi D'Amelio,0.011623136
31,4,Heidi D'Amelio,0.016809786
31,5,Heidi D'Amelio,0.041757848
31,6,Heidi D'Amelio,0.02725653
31,7,Heidi D'Amelio,0.011969397
31,8,Heidi D'Amelio,0.008372634
31,1,Charli D'Amelio,0.26383582
31,2,Charli D'Amelio,0.14151612
31,3,Charli D'Amelio,0.0596572
31,4,Charli D'Amelio,0.008011634
31,5,Charli D'Amelio,0.0011864221
31,6,Charli D'Amelio,0.048903592
31,7,Charli D'Amelio,0.20284835
31,8,Charli D'Amelio,0.36373228
31,9,Charli D'Amelio,0.4360091
31,10,Charli D'Amelio,0.46115384
31,1,Teresa Giudice,0.006371706
31,2,Teresa Giudice,0.017895442
31,1,Vinny Guadagnino,0.06538872
31,2,Vinny Guadagnino,0.02938994
31,3,Vinny Guadagnino,0.071407475
31,4,Vinny Guadagnino,0.053625032
31,5,Vinny Guadagnino,0.247717
31,6,Vinny Guadagnino,0.14772555
31,7,Vinny Guadagnino,0.12608542
31,8,Vinny Guadagnino,0.034181517
31,1,Shangela,0.033024143
31,2,Shangela,0.050017994
31,3,Shangela,0.13709508
31,4,Shangela,0.7541035
31,5,Shangela,0.08108065
31,6,Shangela,0.46385142
31,7,Shangela,0.104741395
31,8,Shangela,0.03913624
31,9,Shangela,0.030729923
31,10,Shangela,0.03267754
31,1,Gabby Windey,0.07075342
31,2,Gabby Windey,0.050465137
31,3,Gabby Windey,0.024878863
31,4,Gabby Windey,0.004949268
31,5,Gabby Windey,0.0010984284
31,6,Gabby Windey,0.02524611
31,7,Gabby Windey,0.081604615
31,8,Gabby Windey,0.1055252
31,9,Gabby Windey,0.14906166
31,10,Gabby Windey,0.19143488
32,1,Jamie Lynn Spears,0.026057582
32,2,Jamie Lynn Spears,0.026470095
32,1,Mira Sorvino,0.027249191
32,2,Mira Sorvino,0.02317503
32,3,Mira Sorvino,0.008683774
32,4,Mira Sorvino,0.025448272
32,5,Mira Sorvino,0.043808278
32,1,Barry Williams,0.038120143
32,2,Barry Williams,0.09305143
32,3,Barry Williams,0.029371897
32,4,Barry Williams,0.18126854
32,5,Barry Williams,0.074809216
32,6,Barry Williams,0.12944332
32,7,Barry Williams,0.28573734
32,8,Barry Williams,0.044590347
32,1,Alyson Hannigan,0.14232862
32,2,Alyson Hannigan,0.1323952
32,3,Alyson Hannigan,0.8050756
32,4,Alyson Hannigan,0.36580768
32,5,Alyson Hannigan,0.21599437
32,6,Alyson Hannigan,0.24987864
32,7,Alyson Hannigan,0.20650972
32,8,Alyson Hannigan,0.34430215
32,9,Alyson Hannigan,0.3731327
32,10,Alyson Hannigan,0.28856286
32,11,Alyson Hannigan,0.23393857
32,1,Xochitl Gomez,0.14501052
32,2,Xochitl Gomez,0.051057406
32,3,Xochitl Gomez,0.02051212
32,4,Xochitl Gomez,0.049399886
32,5,Xochitl Gomez,0.13516809
32,6,Xochitl Gomez,0.05533432
32,7,Xochitl Gomez,0.010637401
32,8,Xochitl Gomez,0.10933898
32,9,Xochitl Gomez,0.31072468
32,10,Xochitl Gomez,0.4612631
32,11,Xochitl Gomez,0.5239651
32,1,Adrian Peterson,0.050558798
32,2,Adrian Peterson,0.12777527
32,3,Adrian Peterson,0.017719349
32,4,Adrian Peterson,0.029047856
32,1,Matt Walsh,0.03411122
32,1,Tyson Beckford,0.11604922
32,2,Tyson Beckford,0.021512052
32,3,Tyson Beckford,0.006950213
32,1,Jason Mraz,0.13078997
32,2,Jason Mraz,0.046432897
32,3,Jason Mraz,0.019587483
32,4,Jason Mraz,0.04564427
32,5,Jason Mraz,0.15443869
32,6,Jason Mraz,0.11993791
32,7,Jason Mraz,0.07272303
32,8,Jason Mraz,0.13983493
32,9,Jason Mraz,0.17613354
32,10,Jason Mraz,0.17287463
32,11,Jason Mraz,0.17140464
32,1,Lele Pons,0.02990927
32,2,Lele Pons,0.023025043
32,3,Lele Pons,0.008082427
32,4,Lele Pons,0.022577716
32,5,Lele Pons,0.022550954
32,6,Lele Pons,0.013891689
32,7,Lele Pons,0.0025587473
32,1,Harry Jowsey,0.14887871
32,2,Harry Jowsey,0.16511278
32,3,Harry Jowsey,0.023391677
32,4,Harry Jowsey,0.08299003
32,5,Harry Jowsey,0.1607677
32,6,Harry Jowsey,0.24206282
32,7,Harry Jowsey,0.2772004
32,8,Harry Jowsey,0.21869782
32,9,Harry Jowsey,0.04709865
32,1,Mauricio Umansky,0.020556375
32,2,Mauricio Umansky,0.23088057
32,3,Mauricio Umansky,0.03737918
32,4,Mauricio Umansky,0.1361168
32,5,Mauricio Umansky,0.054050323
32,6,Mauricio Umansky,0.03955653
32,1,Charity Lawson,0.06772847
32,2,Charity Lawson,0.039312057
32,3,Charity Lawson,0.01611685
32,4,Charity Lawson,0.041159682
32,5,Charity Lawson,0.117907465
32,6,Charity Lawson,0.13107257
32,7,Charity Lawson,0.13828851
32,8,Charity Lawson,0.13138771
32,9,Charity Lawson,0.08283034
32,10,Charity Lawson,0.06678139
32,11,Charity Lawson,0.059270825
32,1,Ariana Madix,0.022651942
32,2,Ariana Madix,0.019800179
32,3,Ariana Madix,0.007129473
32,4,Ariana Madix,0.020539187
32,5,Ariana Madix,0.020504924
32,6,Ariana Madix,0.01882218
32,7,Ariana Madix,0.006344863
32,8,Ariana Madix,0.011848053
32,9,Ariana Madix,0.01008014
32,10,Ariana Madix,0.010518064
32,11,Ariana Madix,0.011420878
33,1,Tori Spelling,0.009423399
33,2,Tori Spelling,0.027665136
33,1,Eric Roberts,0.01946017
33,2,Eric Roberts,0.16622211
33,3,Eric Roberts,0.032495864
33,1,Reginald VelJohnson,0.025382832
33,2,Reginald VelJohnson,0.20899317
33,3,Reginald VelJohnson,0.03603951
33,1,Chandler Kinney,0.6891089
33,2,Chandler Kinney,0.21376961
33,3,Chandler Kinney,0.71148276
33,4,Chandler Kinney,0.21688707
33,5,Chandler Kinney,0.29200548
33,6,Chandler Kinney,0.17788188
33,7,Chandler Kinney,0.24706905
33,8,Chandler Kinney,0.25832704
33,9,Chandler Kinney,0.26512778
33,1,Dwight Howard,0.021329246
33,2,Dwight Howard,0.028605057
33,3,Dwight Howard,0.027286494
33,4,Dwight Howard,0.19979386
33,5,Dwight Howard,0.09974468
33,6,Dwight Howard,0.03374891
33,7,Dwight Howard,0.022235211
33,1,Danny Amendola,0.061536573
33,2,Danny Amendola,0.06340693
33,3,Danny Amendola,0.048478574
33,4,Danny Amendola,0.122738495
33,5,Danny Amendola,0.20242377
33,6,Danny Amendola,0.16967279
33,7,Danny Amendola,0.37237123
33,8,Danny Amendola,0.46308511
33,9,Danny Amendola,0.46625504
33,1,Stephen Nedoroscik,0.087361276
33,2,Stephen Nedoroscik,0.05855916
33,3,Stephen Nedoroscik,0.043447822
33,4,Stephen Nedoroscik,0.10270996
33,5,Stephen Nedoroscik,0.17644271
33,6,Stephen Nedoroscik,0.22385375
33,7,Stephen Nedoroscik,0.21470621
33,8,Stephen Nedoroscik,0.18137956
33,9,Stephen Nedoroscik,0.18869147
33,1,Ilona Maher,0.014731223
33,2,Ilona Maher,0.03605099
33,3,Ilona Maher,0.025719715
33,4,Ilona Maher,0.06982431
33,5,Ilona Maher,0.14788556
33,6,Ilona Maher,0.33694386
33,7,Ilona Maher,0.13117577
33,8,Ilona Maher,0.08507402
33,9,Ilona Maher,0.06625205
33,1,Anna Delvey,0.012306792
33,2,Anna Delvey,0.034540165
33,1,Brooks Nader,0.008121283
33,2,Brooks Nader,0.023168666
33,3,Brooks Nader,0.011778587
33,4,Brooks Nader,0.029669657
33,1,Phaedra Parks,0.009802122
33,2,Phaedra Parks,0.025236081
33,3,Phaedra Parks,0.019119011
33,4,Phaedra Parks,0.086691804
33,5,Phaedra Parks,0.034602873
33,1,Jenn Tran,0.022632644
33,2,Jenn Tran,0.092664585
33,3,Jenn Tran,0.035614785
33,4,Jenn Tran,0.1521689
33,5,Jenn Tran,0.031924002
33,6,Jenn Tran,0.04112299
33,1,Joey Graziadei,0.018803563
33,2,Joey Graziadei,0.021118289
33,3,Joey Graziadei,0.008536754
33,4,Joey Graziadei,0.019515948
33,5,Joey Graziadei,0.014970882
33,6,Joey Graziadei,0.016775832
33,7,Joey Graziadei,0.012442471
33,8,Joey Graziadei,0.012134241
33,9,Joey Graziadei,0.013673677
34,1,Corey Feldman,0.0049389405
34,2,Corey Feldman,0.011474381
34,1,Danielle Fishel,0.00545109
34,2,Danielle Fishel,0.02094503
34,3,Danielle Fishel,0.033722196
34,4,Danielle Fishel,0.18942054
34,5,Danielle Fishel,0.041932795
34,6,Danielle Fishel,0.020996174
34,7,Danielle Fishel,0.022501502
34,8,Danielle Fishel,0.051010124
34,1,Elaine Hendrix,0.78359574
34,2,Elaine Hendrix,0.43285388
34,3,Elaine Hendrix,0.03110209
34,4,Elaine Hendrix,0.003400438
34,5,Elaine Hendrix,0.617803
34,6,Elaine Hendrix,0.58565205
34,7,Elaine Hendrix,0.19671088
34,8,Elaine Hendrix,0.18946299
34,9,Elaine Hendrix,0.3017054
34,10,Elaine Hendrix,0.18594654
34,11,Elaine Hendrix,0.16343184
34,1,Baron Davis,0.0047120936
34,2,Baron Davis,0.01786181
34,1,Jordan Chiles,0.06729294
34,2,Jordan Chiles,0.08558766
34,3,Jordan Chiles,0.011709988
34,4,Jordan Chiles,0.0023227416
34,5,Jordan Chiles,0.018720806
34,6,Jordan Chiles,0.08639744
34,7,Jordan Chiles,0.27123556
34,8,Jordan Chiles,0.29984915
34,9,Jordan Chiles,0.43074912
34,10,Jordan Chiles,0.21475336
34,11,Jordan Chiles,0.56849366
34,1,Andy Richter,0.016353648
34,2,Andy Richter,0.0866877
34,3,Andy Richter,0.058087222
34,4,Andy Richter,0.2735982
34,5,Andy Richter,0.064841144
34,6,Andy Richter,0.107806996
34,7,Andy Richter,0.19215794
34,8,Andy Richter,0.21191753
34,9,Andy Richter,0.048809618
34,1,Robert Irwin,0.050999805
34,2,Robert Irwin,0.18121853
34,3,Robert Irwin,0.75576246
34,4,Robert Irwin,0.13885845
34,5,Robert Irwin,0.13055633
34,6,Robert Irwin,0.07848113
34,7,Robert Irwin,0.092190444
34,8,Robert Irwin,0.073540874
34,9,Robert Irwin,0.05856888
34,10,Robert Irwin,0.08094777
34,11,Robert Irwin,0.057384945
34,1,Hilaria Baldwin,0.004564684
34,2,Hilaria Baldwin,0.009042087
34,3,Hilaria Baldwin,0.0030412932
34,4,Hilaria Baldwin,0.0018280724
34,1,Lauren Jauregui,0.005019572
34,2,Lauren Jauregui,0.011721584
34,3,Lauren Jauregui,0.0053008483
34,1,Scott Hoying,0.013145768
34,2,Scott Hoying,0.061683968
34,3,Scott Hoying,0.054276098
34,4,Scott Hoying,0.2467875
34,5,Scott Hoying,0.0555685
34,6,Scott Hoying,0.031482775
34,1,Alix Earle,0.023222161
34,2,Alix Earle,0.039320573
34,3,Alix Earle,0.0072008693
34,4,Alix Earle,0.002155618
34,5,Alix Earle,0.013423978
34,6,Alix Earle,0.04792305
34,7,Alix Earle,0.15024245
34,8,Alix Earle,0.14098005
34,9,Alix Earle,0.10053859
34,10,Alix Earle,0.16337092
34,11,Alix Earle,0.14993782
34,1,Jen Affleck,0.00666728
34,2,Jen Affleck,0.017272899
34,3,Jen Affleck,0.01661047
34,4,Jen Affleck,0.047659468
34,5,Jen Affleck,0.028256327
34,6,Jen Affleck,0.023367332
34,7,Jen Affleck,0.044375986
34,1,Whitney Leavitt,0.008519725
34,2,Whitney Leavitt,0.009904744
34,3,Whitney Leavitt,0.0030115969
34,4,Whitney Leavitt,0.0016594095
34,5,Whitney Leavitt,0.0041236104
34,6,Whitney Leavitt,0.0075951405
34,7,Whitney Leavitt,0.016190192
34,8,Whitney Leavitt,0.017846031
34,9,Whitney Leavitt,0.018782938
34,10,Whitney Leavitt,0.03869672
34,1,Dylan Efron,0.0055164713
34,2,Dylan Efron,0.01442514
34,3,Dylan Efron,0.02017484
34,4,Dylan Efron,0.0923096
34,5,Dylan Efron,0.024773508
34,6,Dylan Efron,0.010297935
34,7,Dylan Efron,0.014395063
34,8,Dylan Efron,0.015393259
34,9,Dylan Efron,0.040845387
34,10,Dylan Efron,0.3162846
34,11,Dylan Efron,0.0607517
